21402,89563,2025-05-02 08:51:46.5904508,5379,LogAlways,Microsoft-Windows-Security-Auditing,Security,688,736,Server002,207,,Credential Manager credentials were read,lplui,,SID: S-1-5-21-3962163828-2803415714-1403596700-1001,Domain: SERVER002,LogonID: 0x39737,CountOfCredentialsReturned: 1,,ActivityID: 1168e054-bb50-0000-2de1-681150bbdb01,MicrosoftAccount:user=lpluigi44@gmail.com,False,D:\benign_log_combined_latest_used_actually\new_benign\security_32761.evtx,Audit success,0,"{""EventData"":{""Data"":[{""@Name"":""SubjectUserSid"",""#text"":""S-1-5-21-3962163828-2803415714-1403596700-1001""},{""@Name"":""SubjectUserName"",""#text"":""lplui""},{""@Name"":""SubjectDomainName"",""#text"":""SERVER002""},{""@Name"":""SubjectLogonId"",""#text"":""0x39737""},{""@Name"":""TargetName"",""#text"":""MicrosoftAccount:user=lpluigi44@gmail.com""},{""@Name"":""Type"",""#text"":""0""},{""@Name"":""CountOfCredentialsReturned"",""#text"":""1""},{""@Name"":""ReadOperation"",""#text"":""%%8100""},{""@Name"":""ReturnCode"",""#text"":""0""},{""@Name"":""ProcessCreationTime"",""#text"":""2025-05-02 08:51:23.7368016""},{""@Name"":""ClientProcessId"",""#text"":""4704""}]}}"
21403,89564,2025-05-02 08:51:46.5910285,5379,LogAlways,Microsoft-Windows-Security-Auditing,Security,688,736,Server002,207,,Credential Manager credentials were read,lplui,,SID: S-1-5-21-3962163828-2803415714-1403596700-1001,Domain: SERVER002,LogonID: 0x39737,CountOfCredentialsReturned: 1,,ActivityID: 1168e054-bb50-0000-2de1-681150bbdb01,MicrosoftAccount:user=lpluigi44@gmail.com,False,D:\benign_log_combined_latest_used_actually\new_benign\security_32761.evtx,Audit success,0,"{""EventData"":{""Data"":[{""@Name"":""SubjectUserSid"",""#text"":""S-1-5-21-3962163828-2803415714-1403596700-1001""},{""@Name"":""SubjectUserName"",""#text"":""lplui""},{""@Name"":""SubjectDomainName"",""#text"":""SERVER002""},{""@Name"":""SubjectLogonId"",""#text"":""0x39737""},{""@Name"":""TargetName"",""#text"":""MicrosoftAccount:user=lpluigi44@gmail.com""},{""@Name"":""Type"",""#text"":""0""},{""@Name"":""CountOfCredentialsReturned"",""#text"":""1""},{""@Name"":""ReadOperation"",""#text"":""%%8100""},{""@Name"":""ReturnCode"",""#text"":""0""},{""@Name"":""ProcessCreationTime"",""#text"":""2025-05-02 08:51:23.7368016""},{""@Name"":""ClientProcessId"",""#text"":""4704""}]}}"
21404,89565,2025-05-02 08:51:46.5915265,5379,LogAlways,Microsoft-Windows-Security-Auditing,Security,688,736,Server002,207,,Credential Manager credentials were read,lplui,,SID: S-1-5-21-3962163828-2803415714-1403596700-1001,Domain: SERVER002,LogonID: 0x39737,CountOfCredentialsReturned: 1,,ActivityID: 1168e054-bb50-0000-2de1-681150bbdb01,MicrosoftAccount:user=lpluigi44@gmail.com,False,D:\benign_log_combined_latest_used_actually\new_benign\security_32761.evtx,Audit success,0,"{""EventData"":{""Data"":[{""@Name"":""SubjectUserSid"",""#text"":""S-1-5-21-3962163828-2803415714-1403596700-1001""},{""@Name"":""SubjectUserName"",""#text"":""lplui""},{""@Name"":""SubjectDomainName"",""#text"":""SERVER002""},{""@Name"":""SubjectLogonId"",""#text"":""0x39737""},{""@Name"":""TargetName"",""#text"":""MicrosoftAccount:user=lpluigi44@gmail.com""},{""@Name"":""Type"",""#text"":""0""},{""@Name"":""CountOfCredentialsReturned"",""#text"":""1""},{""@Name"":""ReadOperation"",""#text"":""%%8100""},{""@Name"":""ReturnCode"",""#text"":""0""},{""@Name"":""ProcessCreationTime"",""#text"":""2025-05-02 08:51:23.7368016""},{""@Name"":""ClientProcessId"",""#text"":""4704""}]}}"
21405,89566,2025-05-02 08:51:46.5917197,5379,LogAlways,Microsoft-Windows-Security-Auditing,Security,688,736,Server002,207,,Credential Manager credentials were read,lplui,,SID: S-1-5-21-3962163828-2803415714-1403596700-1001,Domain: SERVER002,LogonID: 0x39737,CountOfCredentialsReturned: 1,,ActivityID: 1168e054-bb50-0000-2de1-681150bbdb01,MicrosoftAccount:user=lpluigi44@gmail.com,False,D:\benign_log_combined_latest_used_actually\new_benign\security_32761.evtx,Audit success,0,"{""EventData"":{""Data"":[{""@Name"":""SubjectUserSid"",""#text"":""S-1-5-21-3962163828-2803415714-1403596700-1001""},{""@Name"":""SubjectUserName"",""#text"":""lplui""},{""@Name"":""SubjectDomainName"",""#text"":""SERVER002""},{""@Name"":""SubjectLogonId"",""#text"":""0x39737""},{""@Name"":""TargetName"",""#text"":""MicrosoftAccount:user=lpluigi44@gmail.com""},{""@Name"":""Type"",""#text"":""0""},{""@Name"":""CountOfCredentialsReturned"",""#text"":""1""},{""@Name"":""ReadOperation"",""#text"":""%%8100""},{""@Name"":""ReturnCode"",""#text"":""0""},{""@Name"":""ProcessCreationTime"",""#text"":""2025-05-02 08:51:23.7368016""},{""@Name"":""ClientProcessId"",""#text"":""4704""}]}}"
21406,89567,2025-05-02 08:51:46.5921067,5379,LogAlways,Microsoft-Windows-Security-Auditing,Security,688,736,Server002,207,,Credential Manager credentials were read,lplui,,SID: S-1-5-21-3962163828-2803415714-1403596700-1001,Domain: SERVER002,LogonID: 0x39737,CountOfCredentialsReturned: 1,,ActivityID: 1168e054-bb50-0000-2de1-681150bbdb01,MicrosoftAccount:user=lpluigi44@gmail.com,False,D:\benign_log_combined_latest_used_actually\new_benign\security_32761.evtx,Audit success,0,"{""EventData"":{""Data"":[{""@Name"":""SubjectUserSid"",""#text"":""S-1-5-21-3962163828-2803415714-1403596700-1001""},{""@Name"":""SubjectUserName"",""#text"":""lplui""},{""@Name"":""SubjectDomainName"",""#text"":""SERVER002""},{""@Name"":""SubjectLogonId"",""#text"":""0x39737""},{""@Name"":""TargetName"",""#text"":""MicrosoftAccount:user=lpluigi44@gmail.com""},{""@Name"":""Type"",""#text"":""0""},{""@Name"":""CountOfCredentialsReturned"",""#text"":""1""},{""@Name"":""ReadOperation"",""#text"":""%%8100""},{""@Name"":""ReturnCode"",""#text"":""0""},{""@Name"":""ProcessCreationTime"",""#text"":""2025-05-02 08:51:23.7368016""},{""@Name"":""ClientProcessId"",""#text"":""4704""}]}}"
21407,89568,2025-05-02 08:51:46.5925326,5379,LogAlways,Microsoft-Windows-Security-Auditing,Security,688,736,Server002,207,,Credential Manager credentials were read,lplui,,SID: S-1-5-21-3962163828-2803415714-1403596700-1001,Domain: SERVER002,LogonID: 0x39737,CountOfCredentialsReturned: 1,,ActivityID: 1168e054-bb50-0000-2de1-681150bbdb01,MicrosoftAccount:user=lpluigi44@gmail.com,False,D:\benign_log_combined_latest_used_actually\new_benign\security_32761.evtx,Audit success,0,"{""EventData"":{""Data"":[{""@Name"":""SubjectUserSid"",""#text"":""S-1-5-21-3962163828-2803415714-1403596700-1001""},{""@Name"":""SubjectUserName"",""#text"":""lplui""},{""@Name"":""SubjectDomainName"",""#text"":""SERVER002""},{""@Name"":""SubjectLogonId"",""#text"":""0x39737""},{""@Name"":""TargetName"",""#text"":""MicrosoftAccount:user=lpluigi44@gmail.com""},{""@Name"":""Type"",""#text"":""0""},{""@Name"":""CountOfCredentialsReturned"",""#text"":""1""},{""@Name"":""ReadOperation"",""#text"":""%%8100""},{""@Name"":""ReturnCode"",""#text"":""0""},{""@Name"":""ProcessCreationTime"",""#text"":""2025-05-02 08:51:23.7368016""},{""@Name"":""ClientProcessId"",""#text"":""4704""}]}}"
21408,89569,2025-05-02 08:51:46.5929687,5379,LogAlways,Microsoft-Windows-Security-Auditing,Security,688,736,Server002,207,,Credential Manager credentials were read,lplui,,SID: S-1-5-21-3962163828-2803415714-1403596700-1001,Domain: SERVER002,LogonID: 0x39737,CountOfCredentialsReturned: 1,,ActivityID: 1168e054-bb50-0000-2de1-681150bbdb01,MicrosoftAccount:user=lpluigi44@gmail.com,False,D:\benign_log_combined_latest_used_actually\new_benign\security_32761.evtx,Audit success,0,"{""EventData"":{""Data"":[{""@Name"":""SubjectUserSid"",""#text"":""S-1-5-21-3962163828-2803415714-1403596700-1001""},{""@Name"":""SubjectUserName"",""#text"":""lplui""},{""@Name"":""SubjectDomainName"",""#text"":""SERVER002""},{""@Name"":""SubjectLogonId"",""#text"":""0x39737""},{""@Name"":""TargetName"",""#text"":""MicrosoftAccount:user=lpluigi44@gmail.com""},{""@Name"":""Type"",""#text"":""0""},{""@Name"":""CountOfCredentialsReturned"",""#text"":""1""},{""@Name"":""ReadOperation"",""#text"":""%%8100""},{""@Name"":""ReturnCode"",""#text"":""0""},{""@Name"":""ProcessCreationTime"",""#text"":""2025-05-02 08:51:23.7368016""},{""@Name"":""ClientProcessId"",""#text"":""4704""}]}}"
21409,89570,2025-05-02 08:51:46.5933737,5379,LogAlways,Microsoft-Windows-Security-Auditing,Security,688,736,Server002,207,,Credential Manager credentials were read,lplui,,SID: S-1-5-21-3962163828-2803415714-1403596700-1001,Domain: SERVER002,LogonID: 0x39737,CountOfCredentialsReturned: 1,,ActivityID: 1168e054-bb50-0000-2de1-681150bbdb01,MicrosoftAccount:user=lpluigi44@gmail.com,False,D:\benign_log_combined_latest_used_actually\new_benign\security_32761.evtx,Audit success,0,"{""EventData"":{""Data"":[{""@Name"":""SubjectUserSid"",""#text"":""S-1-5-21-3962163828-2803415714-1403596700-1001""},{""@Name"":""SubjectUserName"",""#text"":""lplui""},{""@Name"":""SubjectDomainName"",""#text"":""SERVER002""},{""@Name"":""SubjectLogonId"",""#text"":""0x39737""},{""@Name"":""TargetName"",""#text"":""MicrosoftAccount:user=lpluigi44@gmail.com""},{""@Name"":""Type"",""#text"":""0""},{""@Name"":""CountOfCredentialsReturned"",""#text"":""1""},{""@Name"":""ReadOperation"",""#text"":""%%8100""},{""@Name"":""ReturnCode"",""#text"":""0""},{""@Name"":""ProcessCreationTime"",""#text"":""2025-05-02 08:51:23.7368016""},{""@Name"":""ClientProcessId"",""#text"":""4704""}]}}"
21410,89571,2025-05-02 08:51:46.5935718,5379,LogAlways,Microsoft-Windows-Security-Auditing,Security,688,736,Server002,207,,Credential Manager credentials were read,lplui,,SID: S-1-5-21-3962163828-2803415714-1403596700-1001,Domain: SERVER002,LogonID: 0x39737,CountOfCredentialsReturned: 1,,ActivityID: 1168e054-bb50-0000-2de1-681150bbdb01,MicrosoftAccount:user=lpluigi44@gmail.com,False,D:\benign_log_combined_latest_used_actually\new_benign\security_32761.evtx,Audit success,0,"{""EventData"":{""Data"":[{""@Name"":""SubjectUserSid"",""#text"":""S-1-5-21-3962163828-2803415714-1403596700-1001""},{""@Name"":""SubjectUserName"",""#text"":""lplui""},{""@Name"":""SubjectDomainName"",""#text"":""SERVER002""},{""@Name"":""SubjectLogonId"",""#text"":""0x39737""},{""@Name"":""TargetName"",""#text"":""MicrosoftAccount:user=lpluigi44@gmail.com""},{""@Name"":""Type"",""#text"":""0""},{""@Name"":""CountOfCredentialsReturned"",""#text"":""1""},{""@Name"":""ReadOperation"",""#text"":""%%8100""},{""@Name"":""ReturnCode"",""#text"":""0""},{""@Name"":""ProcessCreationTime"",""#text"":""2025-05-02 08:51:23.7368016""},{""@Name"":""ClientProcessId"",""#text"":""4704""}]}}"
21411,89572,2025-05-02 08:51:46.5939249,5379,LogAlways,Microsoft-Windows-Security-Auditing,Security,688,736,Server002,207,,Credential Manager credentials were read,lplui,,SID: S-1-5-21-3962163828-2803415714-1403596700-1001,Domain: SERVER002,LogonID: 0x39737,CountOfCredentialsReturned: 1,,ActivityID: 1168e054-bb50-0000-2de1-681150bbdb01,MicrosoftAccount:user=lpluigi44@gmail.com,False,D:\benign_log_combined_latest_used_actually\new_benign\security_32761.evtx,Audit success,0,"{""EventData"":{""Data"":[{""@Name"":""SubjectUserSid"",""#text"":""S-1-5-21-3962163828-2803415714-1403596700-1001""},{""@Name"":""SubjectUserName"",""#text"":""lplui""},{""@Name"":""SubjectDomainName"",""#text"":""SERVER002""},{""@Name"":""SubjectLogonId"",""#text"":""0x39737""},{""@Name"":""TargetName"",""#text"":""MicrosoftAccount:user=lpluigi44@gmail.com""},{""@Name"":""Type"",""#text"":""0""},{""@Name"":""CountOfCredentialsReturned"",""#text"":""1""},{""@Name"":""ReadOperation"",""#text"":""%%8100""},{""@Name"":""ReturnCode"",""#text"":""0""},{""@Name"":""ProcessCreationTime"",""#text"":""2025-05-02 08:51:23.7368016""},{""@Name"":""ClientProcessId"",""#text"":""4704""}]}}"
21412,89573,2025-05-02 08:51:46.5943304,5379,LogAlways,Microsoft-Windows-Security-Auditing,Security,688,736,Server002,207,,Credential Manager credentials were read,lplui,,SID: S-1-5-21-3962163828-2803415714-1403596700-1001,Domain: SERVER002,LogonID: 0x39737,CountOfCredentialsReturned: 1,,ActivityID: 1168e054-bb50-0000-2de1-681150bbdb01,MicrosoftAccount:user=lpluigi44@gmail.com,False,D:\benign_log_combined_latest_used_actually\new_benign\security_32761.evtx,Audit success,0,"{""EventData"":{""Data"":[{""@Name"":""SubjectUserSid"",""#text"":""S-1-5-21-3962163828-2803415714-1403596700-1001""},{""@Name"":""SubjectUserName"",""#text"":""lplui""},{""@Name"":""SubjectDomainName"",""#text"":""SERVER002""},{""@Name"":""SubjectLogonId"",""#text"":""0x39737""},{""@Name"":""TargetName"",""#text"":""MicrosoftAccount:user=lpluigi44@gmail.com""},{""@Name"":""Type"",""#text"":""0""},{""@Name"":""CountOfCredentialsReturned"",""#text"":""1""},{""@Name"":""ReadOperation"",""#text"":""%%8100""},{""@Name"":""ReturnCode"",""#text"":""0""},{""@Name"":""ProcessCreationTime"",""#text"":""2025-05-02 08:51:23.7368016""},{""@Name"":""ClientProcessId"",""#text"":""4704""}]}}"
21413,89574,2025-05-02 08:51:46.5945131,5379,LogAlways,Microsoft-Windows-Security-Auditing,Security,688,736,Server002,207,,Credential Manager credentials were read,lplui,,SID: S-1-5-21-3962163828-2803415714-1403596700-1001,Domain: SERVER002,LogonID: 0x39737,CountOfCredentialsReturned: 1,,ActivityID: 1168e054-bb50-0000-2de1-681150bbdb01,MicrosoftAccount:user=lpluigi44@gmail.com,False,D:\benign_log_combined_latest_used_actually\new_benign\security_32761.evtx,Audit success,0,"{""EventData"":{""Data"":[{""@Name"":""SubjectUserSid"",""#text"":""S-1-5-21-3962163828-2803415714-1403596700-1001""},{""@Name"":""SubjectUserName"",""#text"":""lplui""},{""@Name"":""SubjectDomainName"",""#text"":""SERVER002""},{""@Name"":""SubjectLogonId"",""#text"":""0x39737""},{""@Name"":""TargetName"",""#text"":""MicrosoftAccount:user=lpluigi44@gmail.com""},{""@Name"":""Type"",""#text"":""0""},{""@Name"":""CountOfCredentialsReturned"",""#text"":""1""},{""@Name"":""ReadOperation"",""#text"":""%%8100""},{""@Name"":""ReturnCode"",""#text"":""0""},{""@Name"":""ProcessCreationTime"",""#text"":""2025-05-02 08:51:23.7368016""},{""@Name"":""ClientProcessId"",""#text"":""4704""}]}}"
21414,89575,2025-05-02 08:51:46.5949655,5379,LogAlways,Microsoft-Windows-Security-Auditing,Security,688,736,Server002,207,,Credential Manager credentials were read,lplui,,SID: S-1-5-21-3962163828-2803415714-1403596700-1001,Domain: SERVER002,LogonID: 0x39737,CountOfCredentialsReturned: 1,,ActivityID: 1168e054-bb50-0000-2de1-681150bbdb01,MicrosoftAccount:user=lpluigi44@gmail.com,False,D:\benign_log_combined_latest_used_actually\new_benign\security_32761.evtx,Audit success,0,"{""EventData"":{""Data"":[{""@Name"":""SubjectUserSid"",""#text"":""S-1-5-21-3962163828-2803415714-1403596700-1001""},{""@Name"":""SubjectUserName"",""#text"":""lplui""},{""@Name"":""SubjectDomainName"",""#text"":""SERVER002""},{""@Name"":""SubjectLogonId"",""#text"":""0x39737""},{""@Name"":""TargetName"",""#text"":""MicrosoftAccount:user=lpluigi44@gmail.com""},{""@Name"":""Type"",""#text"":""0""},{""@Name"":""CountOfCredentialsReturned"",""#text"":""1""},{""@Name"":""ReadOperation"",""#text"":""%%8100""},{""@Name"":""ReturnCode"",""#text"":""0""},{""@Name"":""ProcessCreationTime"",""#text"":""2025-05-02 08:51:23.7368016""},{""@Name"":""ClientProcessId"",""#text"":""4704""}]}}"
21415,89576,2025-05-02 08:51:46.5950735,5379,LogAlways,Microsoft-Windows-Security-Auditing,Security,688,736,Server002,207,,Credential Manager credentials were read,lplui,,SID: S-1-5-21-3962163828-2803415714-1403596700-1001,Domain: SERVER002,LogonID: 0x39737,CountOfCredentialsReturned: 1,,ActivityID: 1168e054-bb50-0000-2de1-681150bbdb01,MicrosoftAccount:user=lpluigi44@gmail.com,False,D:\benign_log_combined_latest_used_actually\new_benign\security_32761.evtx,Audit success,0,"{""EventData"":{""Data"":[{""@Name"":""SubjectUserSid"",""#text"":""S-1-5-21-3962163828-2803415714-1403596700-1001""},{""@Name"":""SubjectUserName"",""#text"":""lplui""},{""@Name"":""SubjectDomainName"",""#text"":""SERVER002""},{""@Name"":""SubjectLogonId"",""#text"":""0x39737""},{""@Name"":""TargetName"",""#text"":""MicrosoftAccount:user=lpluigi44@gmail.com""},{""@Name"":""Type"",""#text"":""0""},{""@Name"":""CountOfCredentialsReturned"",""#text"":""1""},{""@Name"":""ReadOperation"",""#text"":""%%8100""},{""@Name"":""ReturnCode"",""#text"":""0""},{""@Name"":""ProcessCreationTime"",""#text"":""2025-05-02 08:51:23.7368016""},{""@Name"":""ClientProcessId"",""#text"":""4704""}]}}"
21416,89577,2025-05-02 08:51:46.5956819,5379,LogAlways,Microsoft-Windows-Security-Auditing,Security,688,736,Server002,207,,Credential Manager credentials were read,lplui,,SID: S-1-5-21-3962163828-2803415714-1403596700-1001,Domain: SERVER002,LogonID: 0x39737,CountOfCredentialsReturned: 1,,ActivityID: 1168e054-bb50-0000-2de1-681150bbdb01,MicrosoftAccount:user=lpluigi44@gmail.com,False,D:\benign_log_combined_latest_used_actually\new_benign\security_32761.evtx,Audit success,0,"{""EventData"":{""Data"":[{""@Name"":""SubjectUserSid"",""#text"":""S-1-5-21-3962163828-2803415714-1403596700-1001""},{""@Name"":""SubjectUserName"",""#text"":""lplui""},{""@Name"":""SubjectDomainName"",""#text"":""SERVER002""},{""@Name"":""SubjectLogonId"",""#text"":""0x39737""},{""@Name"":""TargetName"",""#text"":""MicrosoftAccount:user=lpluigi44@gmail.com""},{""@Name"":""Type"",""#text"":""0""},{""@Name"":""CountOfCredentialsReturned"",""#text"":""1""},{""@Name"":""ReadOperation"",""#text"":""%%8100""},{""@Name"":""ReturnCode"",""#text"":""0""},{""@Name"":""ProcessCreationTime"",""#text"":""2025-05-02 08:51:23.7368016""},{""@Name"":""ClientProcessId"",""#text"":""4704""}]}}"
21417,89578,2025-05-02 08:51:46.5963828,5379,LogAlways,Microsoft-Windows-Security-Auditing,Security,688,736,Server002,207,,Credential Manager credentials were read,lplui,,SID: S-1-5-21-3962163828-2803415714-1403596700-1001,Domain: SERVER002,LogonID: 0x39737,CountOfCredentialsReturned: 1,,ActivityID: 1168e054-bb50-0000-2de1-681150bbdb01,MicrosoftAccount:user=lpluigi44@gmail.com,False,D:\benign_log_combined_latest_used_actually\new_benign\security_32761.evtx,Audit success,0,"{""EventData"":{""Data"":[{""@Name"":""SubjectUserSid"",""#text"":""S-1-5-21-3962163828-2803415714-1403596700-1001""},{""@Name"":""SubjectUserName"",""#text"":""lplui""},{""@Name"":""SubjectDomainName"",""#text"":""SERVER002""},{""@Name"":""SubjectLogonId"",""#text"":""0x39737""},{""@Name"":""TargetName"",""#text"":""MicrosoftAccount:user=lpluigi44@gmail.com""},{""@Name"":""Type"",""#text"":""1""},{""@Name"":""CountOfCredentialsReturned"",""#text"":""1""},{""@Name"":""ReadOperation"",""#text"":""%%8099""},{""@Name"":""ReturnCode"",""#text"":""0""},{""@Name"":""ProcessCreationTime"",""#text"":""2025-05-02 08:51:23.7368016""},{""@Name"":""ClientProcessId"",""#text"":""4704""}]}}"
21418,89579,2025-05-02 08:51:46.8261081,5379,LogAlways,Microsoft-Windows-Security-Auditing,Security,688,752,Server002,207,,Credential Manager credentials were read,lplui,,SID: S-1-5-21-3962163828-2803415714-1403596700-1001,Domain: SERVER002,LogonID: 0x39737,CountOfCredentialsReturned: 1,,ActivityID: 1168e054-bb50-0000-2de1-681150bbdb01,MicrosoftAccount:user=lpluigi44@gmail.com,False,D:\benign_log_combined_latest_used_actually\new_benign\security_32761.evtx,Audit success,0,"{""EventData"":{""Data"":[{""@Name"":""SubjectUserSid"",""#text"":""S-1-5-21-3962163828-2803415714-1403596700-1001""},{""@Name"":""SubjectUserName"",""#text"":""lplui""},{""@Name"":""SubjectDomainName"",""#text"":""SERVER002""},{""@Name"":""SubjectLogonId"",""#text"":""0x39737""},{""@Name"":""TargetName"",""#text"":""MicrosoftAccount:user=lpluigi44@gmail.com""},{""@Name"":""Type"",""#text"":""0""},{""@Name"":""CountOfCredentialsReturned"",""#text"":""1""},{""@Name"":""ReadOperation"",""#text"":""%%8100""},{""@Name"":""ReturnCode"",""#text"":""0""},{""@Name"":""ProcessCreationTime"",""#text"":""2025-05-02 08:51:23.7368016""},{""@Name"":""ClientProcessId"",""#text"":""4704""}]}}"
21419,89580,2025-05-02 08:51:46.8291739,5379,LogAlways,Microsoft-Windows-Security-Auditing,Security,688,752,Server002,207,,Credential Manager credentials were read,lplui,,SID: S-1-5-21-3962163828-2803415714-1403596700-1001,Domain: SERVER002,LogonID: 0x39737,CountOfCredentialsReturned: 1,,ActivityID: 1168e054-bb50-0000-2de1-681150bbdb01,MicrosoftAccount:user=lpluigi44@gmail.com,False,D:\benign_log_combined_latest_used_actually\new_benign\security_32761.evtx,Audit success,0,"{""EventData"":{""Data"":[{""@Name"":""SubjectUserSid"",""#text"":""S-1-5-21-3962163828-2803415714-1403596700-1001""},{""@Name"":""SubjectUserName"",""#text"":""lplui""},{""@Name"":""SubjectDomainName"",""#text"":""SERVER002""},{""@Name"":""SubjectLogonId"",""#text"":""0x39737""},{""@Name"":""TargetName"",""#text"":""MicrosoftAccount:user=lpluigi44@gmail.com""},{""@Name"":""Type"",""#text"":""0""},{""@Name"":""CountOfCredentialsReturned"",""#text"":""1""},{""@Name"":""ReadOperation"",""#text"":""%%8100""},{""@Name"":""ReturnCode"",""#text"":""0""},{""@Name"":""ProcessCreationTime"",""#text"":""2025-05-02 08:51:23.7368016""},{""@Name"":""ClientProcessId"",""#text"":""4704""}]}}"
21420,89581,2025-05-02 08:51:46.8294516,5379,LogAlways,Microsoft-Windows-Security-Auditing,Security,688,752,Server002,207,,Credential Manager credentials were read,lplui,,SID: S-1-5-21-3962163828-2803415714-1403596700-1001,Domain: SERVER002,LogonID: 0x39737,CountOfCredentialsReturned: 1,,ActivityID: 1168e054-bb50-0000-2de1-681150bbdb01,MicrosoftAccount:user=lpluigi44@gmail.com,False,D:\benign_log_combined_latest_used_actually\new_benign\security_32761.evtx,Audit success,0,"{""EventData"":{""Data"":[{""@Name"":""SubjectUserSid"",""#text"":""S-1-5-21-3962163828-2803415714-1403596700-1001""},{""@Name"":""SubjectUserName"",""#text"":""lplui""},{""@Name"":""SubjectDomainName"",""#text"":""SERVER002""},{""@Name"":""SubjectLogonId"",""#text"":""0x39737""},{""@Name"":""TargetName"",""#text"":""MicrosoftAccount:user=lpluigi44@gmail.com""},{""@Name"":""Type"",""#text"":""0""},{""@Name"":""CountOfCredentialsReturned"",""#text"":""1""},{""@Name"":""ReadOperation"",""#text"":""%%8100""},{""@Name"":""ReturnCode"",""#text"":""0""},{""@Name"":""ProcessCreationTime"",""#text"":""2025-05-02 08:51:23.7368016""},{""@Name"":""ClientProcessId"",""#text"":""4704""}]}}"
21421,89582,2025-05-02 08:51:46.8323523,5379,LogAlways,Microsoft-Windows-Security-Auditing,Security,688,752,Server002,207,,Credential Manager credentials were read,lplui,,SID: S-1-5-21-3962163828-2803415714-1403596700-1001,Domain: SERVER002,LogonID: 0x39737,CountOfCredentialsReturned: 1,,ActivityID: 1168e054-bb50-0000-2de1-681150bbdb01,MicrosoftAccount:user=lpluigi44@gmail.com,False,D:\benign_log_combined_latest_used_actually\new_benign\security_32761.evtx,Audit success,0,"{""EventData"":{""Data"":[{""@Name"":""SubjectUserSid"",""#text"":""S-1-5-21-3962163828-2803415714-1403596700-1001""},{""@Name"":""SubjectUserName"",""#text"":""lplui""},{""@Name"":""SubjectDomainName"",""#text"":""SERVER002""},{""@Name"":""SubjectLogonId"",""#text"":""0x39737""},{""@Name"":""TargetName"",""#text"":""MicrosoftAccount:user=lpluigi44@gmail.com""},{""@Name"":""Type"",""#text"":""0""},{""@Name"":""CountOfCredentialsReturned"",""#text"":""1""},{""@Name"":""ReadOperation"",""#text"":""%%8100""},{""@Name"":""ReturnCode"",""#text"":""0""},{""@Name"":""ProcessCreationTime"",""#text"":""2025-05-02 08:51:23.7368016""},{""@Name"":""ClientProcessId"",""#text"":""4704""}]}}"
21422,89583,2025-05-02 08:51:46.8326596,5379,LogAlways,Microsoft-Windows-Security-Auditing,Security,688,752,Server002,207,,Credential Manager credentials were read,lplui,,SID: S-1-5-21-3962163828-2803415714-1403596700-1001,Domain: SERVER002,LogonID: 0x39737,CountOfCredentialsReturned: 1,,ActivityID: 1168e054-bb50-0000-2de1-681150bbdb01,MicrosoftAccount:user=lpluigi44@gmail.com,False,D:\benign_log_combined_latest_used_actually\new_benign\security_32761.evtx,Audit success,0,"{""EventData"":{""Data"":[{""@Name"":""SubjectUserSid"",""#text"":""S-1-5-21-3962163828-2803415714-1403596700-1001""},{""@Name"":""SubjectUserName"",""#text"":""lplui""},{""@Name"":""SubjectDomainName"",""#text"":""SERVER002""},{""@Name"":""SubjectLogonId"",""#text"":""0x39737""},{""@Name"":""TargetName"",""#text"":""MicrosoftAccount:user=lpluigi44@gmail.com""},{""@Name"":""Type"",""#text"":""0""},{""@Name"":""CountOfCredentialsReturned"",""#text"":""1""},{""@Name"":""ReadOperation"",""#text"":""%%8100""},{""@Name"":""ReturnCode"",""#text"":""0""},{""@Name"":""ProcessCreationTime"",""#text"":""2025-05-02 08:51:23.7368016""},{""@Name"":""ClientProcessId"",""#text"":""4704""}]}}"
21423,89584,2025-05-02 08:51:46.8339266,5379,LogAlways,Microsoft-Windows-Security-Auditing,Security,688,752,Server002,207,,Credential Manager credentials were read,lplui,,SID: S-1-5-21-3962163828-2803415714-1403596700-1001,Domain: SERVER002,LogonID: 0x39737,CountOfCredentialsReturned: 1,,ActivityID: 1168e054-bb50-0000-2de1-681150bbdb01,MicrosoftAccount:user=lpluigi44@gmail.com,False,D:\benign_log_combined_latest_used_actually\new_benign\security_32761.evtx,Audit success,0,"{""EventData"":{""Data"":[{""@Name"":""SubjectUserSid"",""#text"":""S-1-5-21-3962163828-2803415714-1403596700-1001""},{""@Name"":""SubjectUserName"",""#text"":""lplui""},{""@Name"":""SubjectDomainName"",""#text"":""SERVER002""},{""@Name"":""SubjectLogonId"",""#text"":""0x39737""},{""@Name"":""TargetName"",""#text"":""MicrosoftAccount:user=lpluigi44@gmail.com""},{""@Name"":""Type"",""#text"":""0""},{""@Name"":""CountOfCredentialsReturned"",""#text"":""1""},{""@Name"":""ReadOperation"",""#text"":""%%8100""},{""@Name"":""ReturnCode"",""#text"":""0""},{""@Name"":""ProcessCreationTime"",""#text"":""2025-05-02 08:51:23.7368016""},{""@Name"":""ClientProcessId"",""#text"":""4704""}]}}"
21424,89585,2025-05-02 08:51:46.8340969,5379,LogAlways,Microsoft-Windows-Security-Auditing,Security,688,752,Server002,207,,Credential Manager credentials were read,lplui,,SID: S-1-5-21-3962163828-2803415714-1403596700-1001,Domain: SERVER002,LogonID: 0x39737,CountOfCredentialsReturned: 1,,ActivityID: 1168e054-bb50-0000-2de1-681150bbdb01,MicrosoftAccount:user=lpluigi44@gmail.com,False,D:\benign_log_combined_latest_used_actually\new_benign\security_32761.evtx,Audit success,0,"{""EventData"":{""Data"":[{""@Name"":""SubjectUserSid"",""#text"":""S-1-5-21-3962163828-2803415714-1403596700-1001""},{""@Name"":""SubjectUserName"",""#text"":""lplui""},{""@Name"":""SubjectDomainName"",""#text"":""SERVER002""},{""@Name"":""SubjectLogonId"",""#text"":""0x39737""},{""@Name"":""TargetName"",""#text"":""MicrosoftAccount:user=lpluigi44@gmail.com""},{""@Name"":""Type"",""#text"":""0""},{""@Name"":""CountOfCredentialsReturned"",""#text"":""1""},{""@Name"":""ReadOperation"",""#text"":""%%8100""},{""@Name"":""ReturnCode"",""#text"":""0""},{""@Name"":""ProcessCreationTime"",""#text"":""2025-05-02 08:51:23.7368016""},{""@Name"":""ClientProcessId"",""#text"":""4704""}]}}"
21425,89586,2025-05-02 08:51:46.8342617,5379,LogAlways,Microsoft-Windows-Security-Auditing,Security,688,752,Server002,207,,Credential Manager credentials were read,lplui,,SID: S-1-5-21-3962163828-2803415714-1403596700-1001,Domain: SERVER002,LogonID: 0x39737,CountOfCredentialsReturned: 1,,ActivityID: 1168e054-bb50-0000-2de1-681150bbdb01,MicrosoftAccount:user=lpluigi44@gmail.com,False,D:\benign_log_combined_latest_used_actually\new_benign\security_32761.evtx,Audit success,0,"{""EventData"":{""Data"":[{""@Name"":""SubjectUserSid"",""#text"":""S-1-5-21-3962163828-2803415714-1403596700-1001""},{""@Name"":""SubjectUserName"",""#text"":""lplui""},{""@Name"":""SubjectDomainName"",""#text"":""SERVER002""},{""@Name"":""SubjectLogonId"",""#text"":""0x39737""},{""@Name"":""TargetName"",""#text"":""MicrosoftAccount:user=lpluigi44@gmail.com""},{""@Name"":""Type"",""#text"":""0""},{""@Name"":""CountOfCredentialsReturned"",""#text"":""1""},{""@Name"":""ReadOperation"",""#text"":""%%8100""},{""@Name"":""ReturnCode"",""#text"":""0""},{""@Name"":""ProcessCreationTime"",""#text"":""2025-05-02 08:51:23.7368016""},{""@Name"":""ClientProcessId"",""#text"":""4704""}]}}"
21426,89587,2025-05-02 08:51:46.8344286,5379,LogAlways,Microsoft-Windows-Security-Auditing,Security,688,752,Server002,207,,Credential Manager credentials were read,lplui,,SID: S-1-5-21-3962163828-2803415714-1403596700-1001,Domain: SERVER002,LogonID: 0x39737,CountOfCredentialsReturned: 1,,ActivityID: 1168e054-bb50-0000-2de1-681150bbdb01,MicrosoftAccount:user=lpluigi44@gmail.com,False,D:\benign_log_combined_latest_used_actually\new_benign\security_32761.evtx,Audit success,0,"{""EventData"":{""Data"":[{""@Name"":""SubjectUserSid"",""#text"":""S-1-5-21-3962163828-2803415714-1403596700-1001""},{""@Name"":""SubjectUserName"",""#text"":""lplui""},{""@Name"":""SubjectDomainName"",""#text"":""SERVER002""},{""@Name"":""SubjectLogonId"",""#text"":""0x39737""},{""@Name"":""TargetName"",""#text"":""MicrosoftAccount:user=lpluigi44@gmail.com""},{""@Name"":""Type"",""#text"":""0""},{""@Name"":""CountOfCredentialsReturned"",""#text"":""1""},{""@Name"":""ReadOperation"",""#text"":""%%8100""},{""@Name"":""ReturnCode"",""#text"":""0""},{""@Name"":""ProcessCreationTime"",""#text"":""2025-05-02 08:51:23.7368016""},{""@Name"":""ClientProcessId"",""#text"":""4704""}]}}"
21427,89588,2025-05-02 08:51:46.8345480,5379,LogAlways,Microsoft-Windows-Security-Auditing,Security,688,752,Server002,207,,Credential Manager credentials were read,lplui,,SID: S-1-5-21-3962163828-2803415714-1403596700-1001,Domain: SERVER002,LogonID: 0x39737,CountOfCredentialsReturned: 1,,ActivityID: 1168e054-bb50-0000-2de1-681150bbdb01,MicrosoftAccount:user=lpluigi44@gmail.com,False,D:\benign_log_combined_latest_used_actually\new_benign\security_32761.evtx,Audit success,0,"{""EventData"":{""Data"":[{""@Name"":""SubjectUserSid"",""#text"":""S-1-5-21-3962163828-2803415714-1403596700-1001""},{""@Name"":""SubjectUserName"",""#text"":""lplui""},{""@Name"":""SubjectDomainName"",""#text"":""SERVER002""},{""@Name"":""SubjectLogonId"",""#text"":""0x39737""},{""@Name"":""TargetName"",""#text"":""MicrosoftAccount:user=lpluigi44@gmail.com""},{""@Name"":""Type"",""#text"":""0""},{""@Name"":""CountOfCredentialsReturned"",""#text"":""1""},{""@Name"":""ReadOperation"",""#text"":""%%8100""},{""@Name"":""ReturnCode"",""#text"":""0""},{""@Name"":""ProcessCreationTime"",""#text"":""2025-05-02 08:51:23.7368016""},{""@Name"":""ClientProcessId"",""#text"":""4704""}]}}"
21428,89589,2025-05-02 08:51:46.8346926,5379,LogAlways,Microsoft-Windows-Security-Auditing,Security,688,752,Server002,207,,Credential Manager credentials were read,lplui,,SID: S-1-5-21-3962163828-2803415714-1403596700-1001,Domain: SERVER002,LogonID: 0x39737,CountOfCredentialsReturned: 1,,ActivityID: 1168e054-bb50-0000-2de1-681150bbdb01,MicrosoftAccount:user=lpluigi44@gmail.com,False,D:\benign_log_combined_latest_used_actually\new_benign\security_32761.evtx,Audit success,0,"{""EventData"":{""Data"":[{""@Name"":""SubjectUserSid"",""#text"":""S-1-5-21-3962163828-2803415714-1403596700-1001""},{""@Name"":""SubjectUserName"",""#text"":""lplui""},{""@Name"":""SubjectDomainName"",""#text"":""SERVER002""},{""@Name"":""SubjectLogonId"",""#text"":""0x39737""},{""@Name"":""TargetName"",""#text"":""MicrosoftAccount:user=lpluigi44@gmail.com""},{""@Name"":""Type"",""#text"":""0""},{""@Name"":""CountOfCredentialsReturned"",""#text"":""1""},{""@Name"":""ReadOperation"",""#text"":""%%8100""},{""@Name"":""ReturnCode"",""#text"":""0""},{""@Name"":""ProcessCreationTime"",""#text"":""2025-05-02 08:51:23.7368016""},{""@Name"":""ClientProcessId"",""#text"":""4704""}]}}"
21429,89590,2025-05-02 08:51:46.9340206,5379,LogAlways,Microsoft-Windows-Security-Auditing,Security,688,752,Server002,207,,Credential Manager credentials were read,lplui,,SID: S-1-5-21-3962163828-2803415714-1403596700-1001,Domain: SERVER002,LogonID: 0x39737,CountOfCredentialsReturned: 1,,ActivityID: 1168e054-bb50-0000-2de1-681150bbdb01,MicrosoftAccount:user=lpluigi44@gmail.com,False,D:\benign_log_combined_latest_used_actually\new_benign\security_32761.evtx,Audit success,0,"{""EventData"":{""Data"":[{""@Name"":""SubjectUserSid"",""#text"":""S-1-5-21-3962163828-2803415714-1403596700-1001""},{""@Name"":""SubjectUserName"",""#text"":""lplui""},{""@Name"":""SubjectDomainName"",""#text"":""SERVER002""},{""@Name"":""SubjectLogonId"",""#text"":""0x39737""},{""@Name"":""TargetName"",""#text"":""MicrosoftAccount:user=lpluigi44@gmail.com""},{""@Name"":""Type"",""#text"":""0""},{""@Name"":""CountOfCredentialsReturned"",""#text"":""1""},{""@Name"":""ReadOperation"",""#text"":""%%8100""},{""@Name"":""ReturnCode"",""#text"":""0""},{""@Name"":""ProcessCreationTime"",""#text"":""2025-05-02 08:51:23.7368016""},{""@Name"":""ClientProcessId"",""#text"":""4704""}]}}"
21430,89591,2025-05-02 08:51:46.9344689,5379,LogAlways,Microsoft-Windows-Security-Auditing,Security,688,752,Server002,207,,Credential Manager credentials were read,lplui,,SID: S-1-5-21-3962163828-2803415714-1403596700-1001,Domain: SERVER002,LogonID: 0x39737,CountOfCredentialsReturned: 1,,ActivityID: 1168e054-bb50-0000-2de1-681150bbdb01,MicrosoftAccount:user=lpluigi44@gmail.com,False,D:\benign_log_combined_latest_used_actually\new_benign\security_32761.evtx,Audit success,0,"{""EventData"":{""Data"":[{""@Name"":""SubjectUserSid"",""#text"":""S-1-5-21-3962163828-2803415714-1403596700-1001""},{""@Name"":""SubjectUserName"",""#text"":""lplui""},{""@Name"":""SubjectDomainName"",""#text"":""SERVER002""},{""@Name"":""SubjectLogonId"",""#text"":""0x39737""},{""@Name"":""TargetName"",""#text"":""MicrosoftAccount:user=lpluigi44@gmail.com""},{""@Name"":""Type"",""#text"":""0""},{""@Name"":""CountOfCredentialsReturned"",""#text"":""1""},{""@Name"":""ReadOperation"",""#text"":""%%8100""},{""@Name"":""ReturnCode"",""#text"":""0""},{""@Name"":""ProcessCreationTime"",""#text"":""2025-05-02 08:51:23.7368016""},{""@Name"":""ClientProcessId"",""#text"":""4704""}]}}"
21431,89592,2025-05-02 08:51:46.9347104,5379,LogAlways,Microsoft-Windows-Security-Auditing,Security,688,752,Server002,207,,Credential Manager credentials were read,lplui,,SID: S-1-5-21-3962163828-2803415714-1403596700-1001,Domain: SERVER002,LogonID: 0x39737,CountOfCredentialsReturned: 1,,ActivityID: 1168e054-bb50-0000-2de1-681150bbdb01,MicrosoftAccount:user=lpluigi44@gmail.com,False,D:\benign_log_combined_latest_used_actually\new_benign\security_32761.evtx,Audit success,0,"{""EventData"":{""Data"":[{""@Name"":""SubjectUserSid"",""#text"":""S-1-5-21-3962163828-2803415714-1403596700-1001""},{""@Name"":""SubjectUserName"",""#text"":""lplui""},{""@Name"":""SubjectDomainName"",""#text"":""SERVER002""},{""@Name"":""SubjectLogonId"",""#text"":""0x39737""},{""@Name"":""TargetName"",""#text"":""MicrosoftAccount:user=lpluigi44@gmail.com""},{""@Name"":""Type"",""#text"":""0""},{""@Name"":""CountOfCredentialsReturned"",""#text"":""1""},{""@Name"":""ReadOperation"",""#text"":""%%8100""},{""@Name"":""ReturnCode"",""#text"":""0""},{""@Name"":""ProcessCreationTime"",""#text"":""2025-05-02 08:51:23.7368016""},{""@Name"":""ClientProcessId"",""#text"":""4704""}]}}"
21432,89593,2025-05-02 08:51:46.9348615,5379,LogAlways,Microsoft-Windows-Security-Auditing,Security,688,752,Server002,207,,Credential Manager credentials were read,lplui,,SID: S-1-5-21-3962163828-2803415714-1403596700-1001,Domain: SERVER002,LogonID: 0x39737,CountOfCredentialsReturned: 1,,ActivityID: 1168e054-bb50-0000-2de1-681150bbdb01,MicrosoftAccount:user=lpluigi44@gmail.com,False,D:\benign_log_combined_latest_used_actually\new_benign\security_32761.evtx,Audit success,0,"{""EventData"":{""Data"":[{""@Name"":""SubjectUserSid"",""#text"":""S-1-5-21-3962163828-2803415714-1403596700-1001""},{""@Name"":""SubjectUserName"",""#text"":""lplui""},{""@Name"":""SubjectDomainName"",""#text"":""SERVER002""},{""@Name"":""SubjectLogonId"",""#text"":""0x39737""},{""@Name"":""TargetName"",""#text"":""MicrosoftAccount:user=lpluigi44@gmail.com""},{""@Name"":""Type"",""#text"":""0""},{""@Name"":""CountOfCredentialsReturned"",""#text"":""1""},{""@Name"":""ReadOperation"",""#text"":""%%8100""},{""@Name"":""ReturnCode"",""#text"":""0""},{""@Name"":""ProcessCreationTime"",""#text"":""2025-05-02 08:51:23.7368016""},{""@Name"":""ClientProcessId"",""#text"":""4704""}]}}"
21433,89594,2025-05-02 08:51:46.9350329,5379,LogAlways,Microsoft-Windows-Security-Auditing,Security,688,752,Server002,207,,Credential Manager credentials were read,lplui,,SID: S-1-5-21-3962163828-2803415714-1403596700-1001,Domain: SERVER002,LogonID: 0x39737,CountOfCredentialsReturned: 1,,ActivityID: 1168e054-bb50-0000-2de1-681150bbdb01,MicrosoftAccount:user=lpluigi44@gmail.com,False,D:\benign_log_combined_latest_used_actually\new_benign\security_32761.evtx,Audit success,0,"{""EventData"":{""Data"":[{""@Name"":""SubjectUserSid"",""#text"":""S-1-5-21-3962163828-2803415714-1403596700-1001""},{""@Name"":""SubjectUserName"",""#text"":""lplui""},{""@Name"":""SubjectDomainName"",""#text"":""SERVER002""},{""@Name"":""SubjectLogonId"",""#text"":""0x39737""},{""@Name"":""TargetName"",""#text"":""MicrosoftAccount:user=lpluigi44@gmail.com""},{""@Name"":""Type"",""#text"":""0""},{""@Name"":""CountOfCredentialsReturned"",""#text"":""1""},{""@Name"":""ReadOperation"",""#text"":""%%8100""},{""@Name"":""ReturnCode"",""#text"":""0""},{""@Name"":""ProcessCreationTime"",""#text"":""2025-05-02 08:51:23.7368016""},{""@Name"":""ClientProcessId"",""#text"":""4704""}]}}"
21434,89595,2025-05-02 08:51:46.9351743,5379,LogAlways,Microsoft-Windows-Security-Auditing,Security,688,752,Server002,208,,Credential Manager credentials were read,lplui,,SID: S-1-5-21-3962163828-2803415714-1403596700-1001,Domain: SERVER002,LogonID: 0x39737,CountOfCredentialsReturned: 1,,ActivityID: 1168e054-bb50-0000-2de1-681150bbdb01,MicrosoftAccount:user=lpluigi44@gmail.com,False,D:\benign_log_combined_latest_used_actually\new_benign\security_32761.evtx,Audit success,0,"{""EventData"":{""Data"":[{""@Name"":""SubjectUserSid"",""#text"":""S-1-5-21-3962163828-2803415714-1403596700-1001""},{""@Name"":""SubjectUserName"",""#text"":""lplui""},{""@Name"":""SubjectDomainName"",""#text"":""SERVER002""},{""@Name"":""SubjectLogonId"",""#text"":""0x39737""},{""@Name"":""TargetName"",""#text"":""MicrosoftAccount:user=lpluigi44@gmail.com""},{""@Name"":""Type"",""#text"":""0""},{""@Name"":""CountOfCredentialsReturned"",""#text"":""1""},{""@Name"":""ReadOperation"",""#text"":""%%8100""},{""@Name"":""ReturnCode"",""#text"":""0""},{""@Name"":""ProcessCreationTime"",""#text"":""2025-05-02 08:51:23.7368016""},{""@Name"":""ClientProcessId"",""#text"":""4704""}]}}"
21435,89596,2025-05-02 08:51:46.9353771,5379,LogAlways,Microsoft-Windows-Security-Auditing,Security,688,752,Server002,208,,Credential Manager credentials were read,lplui,,SID: S-1-5-21-3962163828-2803415714-1403596700-1001,Domain: SERVER002,LogonID: 0x39737,CountOfCredentialsReturned: 1,,ActivityID: 1168e054-bb50-0000-2de1-681150bbdb01,MicrosoftAccount:user=lpluigi44@gmail.com,False,D:\benign_log_combined_latest_used_actually\new_benign\security_32761.evtx,Audit success,0,"{""EventData"":{""Data"":[{""@Name"":""SubjectUserSid"",""#text"":""S-1-5-21-3962163828-2803415714-1403596700-1001""},{""@Name"":""SubjectUserName"",""#text"":""lplui""},{""@Name"":""SubjectDomainName"",""#text"":""SERVER002""},{""@Name"":""SubjectLogonId"",""#text"":""0x39737""},{""@Name"":""TargetName"",""#text"":""MicrosoftAccount:user=lpluigi44@gmail.com""},{""@Name"":""Type"",""#text"":""0""},{""@Name"":""CountOfCredentialsReturned"",""#text"":""1""},{""@Name"":""ReadOperation"",""#text"":""%%8100""},{""@Name"":""ReturnCode"",""#text"":""0""},{""@Name"":""ProcessCreationTime"",""#text"":""2025-05-02 08:51:23.7368016""},{""@Name"":""ClientProcessId"",""#text"":""4704""}]}}"
21436,89597,2025-05-02 08:51:46.9355250,5379,LogAlways,Microsoft-Windows-Security-Auditing,Security,688,752,Server002,208,,Credential Manager credentials were read,lplui,,SID: S-1-5-21-3962163828-2803415714-1403596700-1001,Domain: SERVER002,LogonID: 0x39737,CountOfCredentialsReturned: 1,,ActivityID: 1168e054-bb50-0000-2de1-681150bbdb01,MicrosoftAccount:user=lpluigi44@gmail.com,False,D:\benign_log_combined_latest_used_actually\new_benign\security_32761.evtx,Audit success,0,"{""EventData"":{""Data"":[{""@Name"":""SubjectUserSid"",""#text"":""S-1-5-21-3962163828-2803415714-1403596700-1001""},{""@Name"":""SubjectUserName"",""#text"":""lplui""},{""@Name"":""SubjectDomainName"",""#text"":""SERVER002""},{""@Name"":""SubjectLogonId"",""#text"":""0x39737""},{""@Name"":""TargetName"",""#text"":""MicrosoftAccount:user=lpluigi44@gmail.com""},{""@Name"":""Type"",""#text"":""0""},{""@Name"":""CountOfCredentialsReturned"",""#text"":""1""},{""@Name"":""ReadOperation"",""#text"":""%%8100""},{""@Name"":""ReturnCode"",""#text"":""0""},{""@Name"":""ProcessCreationTime"",""#text"":""2025-05-02 08:51:23.7368016""},{""@Name"":""ClientProcessId"",""#text"":""4704""}]}}"
21437,89598,2025-05-02 08:51:46.9356932,5379,LogAlways,Microsoft-Windows-Security-Auditing,Security,688,752,Server002,208,,Credential Manager credentials were read,lplui,,SID: S-1-5-21-3962163828-2803415714-1403596700-1001,Domain: SERVER002,LogonID: 0x39737,CountOfCredentialsReturned: 1,,ActivityID: 1168e054-bb50-0000-2de1-681150bbdb01,MicrosoftAccount:user=lpluigi44@gmail.com,False,D:\benign_log_combined_latest_used_actually\new_benign\security_32761.evtx,Audit success,0,"{""EventData"":{""Data"":[{""@Name"":""SubjectUserSid"",""#text"":""S-1-5-21-3962163828-2803415714-1403596700-1001""},{""@Name"":""SubjectUserName"",""#text"":""lplui""},{""@Name"":""SubjectDomainName"",""#text"":""SERVER002""},{""@Name"":""SubjectLogonId"",""#text"":""0x39737""},{""@Name"":""TargetName"",""#text"":""MicrosoftAccount:user=lpluigi44@gmail.com""},{""@Name"":""Type"",""#text"":""0""},{""@Name"":""CountOfCredentialsReturned"",""#text"":""1""},{""@Name"":""ReadOperation"",""#text"":""%%8100""},{""@Name"":""ReturnCode"",""#text"":""0""},{""@Name"":""ProcessCreationTime"",""#text"":""2025-05-02 08:51:23.7368016""},{""@Name"":""ClientProcessId"",""#text"":""4704""}]}}"
21438,89599,2025-05-02 08:51:46.9358410,5379,LogAlways,Microsoft-Windows-Security-Auditing,Security,688,752,Server002,208,,Credential Manager credentials were read,lplui,,SID: S-1-5-21-3962163828-2803415714-1403596700-1001,Domain: SERVER002,LogonID: 0x39737,CountOfCredentialsReturned: 1,,ActivityID: 1168e054-bb50-0000-2de1-681150bbdb01,MicrosoftAccount:user=lpluigi44@gmail.com,False,D:\benign_log_combined_latest_used_actually\new_benign\security_32761.evtx,Audit success,0,"{""EventData"":{""Data"":[{""@Name"":""SubjectUserSid"",""#text"":""S-1-5-21-3962163828-2803415714-1403596700-1001""},{""@Name"":""SubjectUserName"",""#text"":""lplui""},{""@Name"":""SubjectDomainName"",""#text"":""SERVER002""},{""@Name"":""SubjectLogonId"",""#text"":""0x39737""},{""@Name"":""TargetName"",""#text"":""MicrosoftAccount:user=lpluigi44@gmail.com""},{""@Name"":""Type"",""#text"":""0""},{""@Name"":""CountOfCredentialsReturned"",""#text"":""1""},{""@Name"":""ReadOperation"",""#text"":""%%8100""},{""@Name"":""ReturnCode"",""#text"":""0""},{""@Name"":""ProcessCreationTime"",""#text"":""2025-05-02 08:51:23.7368016""},{""@Name"":""ClientProcessId"",""#text"":""4704""}]}}"
21439,89600,2025-05-02 08:51:46.9360127,5379,LogAlways,Microsoft-Windows-Security-Auditing,Security,688,752,Server002,208,,Credential Manager credentials were read,lplui,,SID: S-1-5-21-3962163828-2803415714-1403596700-1001,Domain: SERVER002,LogonID: 0x39737,CountOfCredentialsReturned: 1,,ActivityID: 1168e054-bb50-0000-2de1-681150bbdb01,MicrosoftAccount:user=lpluigi44@gmail.com,False,D:\benign_log_combined_latest_used_actually\new_benign\security_32761.evtx,Audit success,0,"{""EventData"":{""Data"":[{""@Name"":""SubjectUserSid"",""#text"":""S-1-5-21-3962163828-2803415714-1403596700-1001""},{""@Name"":""SubjectUserName"",""#text"":""lplui""},{""@Name"":""SubjectDomainName"",""#text"":""SERVER002""},{""@Name"":""SubjectLogonId"",""#text"":""0x39737""},{""@Name"":""TargetName"",""#text"":""MicrosoftAccount:user=lpluigi44@gmail.com""},{""@Name"":""Type"",""#text"":""0""},{""@Name"":""CountOfCredentialsReturned"",""#text"":""1""},{""@Name"":""ReadOperation"",""#text"":""%%8100""},{""@Name"":""ReturnCode"",""#text"":""0""},{""@Name"":""ProcessCreationTime"",""#text"":""2025-05-02 08:51:23.7368016""},{""@Name"":""ClientProcessId"",""#text"":""4704""}]}}"
21440,89601,2025-05-02 08:51:47.6063084,5379,LogAlways,Microsoft-Windows-Security-Auditing,Security,688,736,Server002,208,,Credential Manager credentials were read,lplui,,SID: S-1-5-21-3962163828-2803415714-1403596700-1001,Domain: SERVER002,LogonID: 0x39737,CountOfCredentialsReturned: 1,,ActivityID: 1168e054-bb50-0000-2de1-681150bbdb01,MicrosoftAccount:user=lpluigi44@gmail.com,False,D:\benign_log_combined_latest_used_actually\new_benign\security_32761.evtx,Audit success,0,"{""EventData"":{""Data"":[{""@Name"":""SubjectUserSid"",""#text"":""S-1-5-21-3962163828-2803415714-1403596700-1001""},{""@Name"":""SubjectUserName"",""#text"":""lplui""},{""@Name"":""SubjectDomainName"",""#text"":""SERVER002""},{""@Name"":""SubjectLogonId"",""#text"":""0x39737""},{""@Name"":""TargetName"",""#text"":""MicrosoftAccount:user=lpluigi44@gmail.com""},{""@Name"":""Type"",""#text"":""0""},{""@Name"":""CountOfCredentialsReturned"",""#text"":""1""},{""@Name"":""ReadOperation"",""#text"":""%%8100""},{""@Name"":""ReturnCode"",""#text"":""0""},{""@Name"":""ProcessCreationTime"",""#text"":""2025-05-02 08:51:23.7368016""},{""@Name"":""ClientProcessId"",""#text"":""4704""}]}}"
21441,89602,2025-05-02 08:51:48.1624637,4624,LogAlways,Microsoft-Windows-Security-Auditing,Security,688,736,Server002,208,,Successful logon,WORKGROUP\SERVER002$,- (-),Target: NT AUTHORITY\SYSTEM,LogonType 5,LogonId: 0x3E7,AuthenticationPackageName: Negotiate,"LogonProcessName: Advapi  ",,C:\Windows\System32\services.exe,False,D:\benign_log_combined_latest_used_actually\new_benign\security_32761.evtx,Audit success,0,"{""EventData"":{""Data"":[{""@Name"":""SubjectUserSid"",""#text"":""S-1-5-18""},{""@Name"":""SubjectUserName"",""#text"":""SERVER002$""},{""@Name"":""SubjectDomainName"",""#text"":""WORKGROUP""},{""@Name"":""SubjectLogonId"",""#text"":""0x3E7""},{""@Name"":""TargetUserSid"",""#text"":""S-1-5-18""},{""@Name"":""TargetUserName"",""#text"":""SYSTEM""},{""@Name"":""TargetDomainName"",""#text"":""NT AUTHORITY""},{""@Name"":""TargetLogonId"",""#text"":""0x3E7""},{""@Name"":""LogonType"",""#text"":""5""},{""@Name"":""LogonProcessName"",""#text"":""Advapi  ""},{""@Name"":""AuthenticationPackageName"",""#text"":""Negotiate""},{""@Name"":""WorkstationName"",""#text"":""-""},{""@Name"":""LogonGuid"",""#text"":""00000000-0000-0000-0000-000000000000""},{""@Name"":""TransmittedServices"",""#text"":""-""},{""@Name"":""LmPackageName"",""#text"":""-""},{""@Name"":""KeyLength"",""#text"":""0""},{""@Name"":""ProcessId"",""#text"":""0x2A4""},{""@Name"":""ProcessName"",""#text"":""C:\\Windows\\System32\\services.exe""},{""@Name"":""IpAddress"",""#text"":""-""},{""@Name"":""IpPort"",""#text"":""-""},{""@Name"":""ImpersonationLevel"",""#text"":""%%1833""},{""@Name"":""RestrictedAdminMode"",""#text"":""-""},{""@Name"":""TargetOutboundUserName"",""#text"":""-""},{""@Name"":""TargetOutboundDomainName"",""#text"":""-""},{""@Name"":""VirtualAccount"",""#text"":""%%1843""},{""@Name"":""TargetLinkedLogonId"",""#text"":""0x0""},{""@Name"":""ElevatedToken"",""#text"":""%%1842""}]}}"
21442,89603,2025-05-02 08:51:48.1624698,4672,LogAlways,Microsoft-Windows-Security-Auditing,Security,688,736,Server002,208,,Administrative logon,NT AUTHORITY\SYSTEM (S-1-5-18),,"PrivilegeList: SeAssignPrimaryTokenPrivilege, SeTcbPrivilege, SeSecurityPrivilege, SeTakeOwnershipPrivilege, SeLoadDriverPrivilege, SeBackupPrivilege, SeRestorePrivilege, SeDebugPrivilege, SeAuditPrivilege, SeSystemEnvironmentPrivilege, SeImpersonatePrivilege, SeDelegateSessionUserImpersonatePrivilege",LogonId: 0x3E7,,,,,,False,D:\benign_log_combined_latest_used_actually\new_benign\security_32761.evtx,Audit success,0,"{""EventData"":{""Data"":[{""@Name"":""SubjectUserSid"",""#text"":""S-1-5-18""},{""@Name"":""SubjectUserName"",""#text"":""SYSTEM""},{""@Name"":""SubjectDomainName"",""#text"":""NT AUTHORITY""},{""@Name"":""SubjectLogonId"",""#text"":""0x3E7""},{""@Name"":""PrivilegeList"",""#text"":""SeAssignPrimaryTokenPrivilege, SeTcbPrivilege, SeSecurityPrivilege, SeTakeOwnershipPrivilege, SeLoadDriverPrivilege, SeBackupPrivilege, SeRestorePrivilege, SeDebugPrivilege, SeAuditPrivilege, SeSystemEnvironmentPrivilege, SeImpersonatePrivilege, SeDelegateSessionUserImpersonatePrivilege""}]}}"
21443,89604,2025-05-02 08:51:48.9991285,5379,LogAlways,Microsoft-Windows-Security-Auditing,Security,688,752,Server002,208,,Credential Manager credentials were read,lplui,,SID: S-1-5-21-3962163828-2803415714-1403596700-1001,Domain: SERVER002,LogonID: 0x39737,CountOfCredentialsReturned: 1,,ActivityID: 1168e054-bb50-0000-2de1-681150bbdb01,MicrosoftAccount:user=lpluigi44@gmail.com,False,D:\benign_log_combined_latest_used_actually\new_benign\security_32761.evtx,Audit success,0,"{""EventData"":{""Data"":[{""@Name"":""SubjectUserSid"",""#text"":""S-1-5-21-3962163828-2803415714-1403596700-1001""},{""@Name"":""SubjectUserName"",""#text"":""lplui""},{""@Name"":""SubjectDomainName"",""#text"":""SERVER002""},{""@Name"":""SubjectLogonId"",""#text"":""0x39737""},{""@Name"":""TargetName"",""#text"":""MicrosoftAccount:user=lpluigi44@gmail.com""},{""@Name"":""Type"",""#text"":""0""},{""@Name"":""CountOfCredentialsReturned"",""#text"":""1""},{""@Name"":""ReadOperation"",""#text"":""%%8100""},{""@Name"":""ReturnCode"",""#text"":""0""},{""@Name"":""ProcessCreationTime"",""#text"":""2025-05-02 08:51:23.7368016""},{""@Name"":""ClientProcessId"",""#text"":""4704""}]}}"
21444,89605,2025-05-02 08:51:49.0000959,5379,LogAlways,Microsoft-Windows-Security-Auditing,Security,688,752,Server002,208,,Credential Manager credentials were read,lplui,,SID: S-1-5-21-3962163828-2803415714-1403596700-1001,Domain: SERVER002,LogonID: 0x39737,CountOfCredentialsReturned: 1,,ActivityID: 1168e054-bb50-0000-2de1-681150bbdb01,MicrosoftAccount:user=lpluigi44@gmail.com,False,D:\benign_log_combined_latest_used_actually\new_benign\security_32761.evtx,Audit success,0,"{""EventData"":{""Data"":[{""@Name"":""SubjectUserSid"",""#text"":""S-1-5-21-3962163828-2803415714-1403596700-1001""},{""@Name"":""SubjectUserName"",""#text"":""lplui""},{""@Name"":""SubjectDomainName"",""#text"":""SERVER002""},{""@Name"":""SubjectLogonId"",""#text"":""0x39737""},{""@Name"":""TargetName"",""#text"":""MicrosoftAccount:user=lpluigi44@gmail.com""},{""@Name"":""Type"",""#text"":""0""},{""@Name"":""CountOfCredentialsReturned"",""#text"":""1""},{""@Name"":""ReadOperation"",""#text"":""%%8100""},{""@Name"":""ReturnCode"",""#text"":""0""},{""@Name"":""ProcessCreationTime"",""#text"":""2025-05-02 08:51:23.7368016""},{""@Name"":""ClientProcessId"",""#text"":""4704""}]}}"
21445,89606,2025-05-02 08:51:49.0003441,5379,LogAlways,Microsoft-Windows-Security-Auditing,Security,688,752,Server002,208,,Credential Manager credentials were read,lplui,,SID: S-1-5-21-3962163828-2803415714-1403596700-1001,Domain: SERVER002,LogonID: 0x39737,CountOfCredentialsReturned: 1,,ActivityID: 1168e054-bb50-0000-2de1-681150bbdb01,MicrosoftAccount:user=lpluigi44@gmail.com,False,D:\benign_log_combined_latest_used_actually\new_benign\security_32761.evtx,Audit success,0,"{""EventData"":{""Data"":[{""@Name"":""SubjectUserSid"",""#text"":""S-1-5-21-3962163828-2803415714-1403596700-1001""},{""@Name"":""SubjectUserName"",""#text"":""lplui""},{""@Name"":""SubjectDomainName"",""#text"":""SERVER002""},{""@Name"":""SubjectLogonId"",""#text"":""0x39737""},{""@Name"":""TargetName"",""#text"":""MicrosoftAccount:user=lpluigi44@gmail.com""},{""@Name"":""Type"",""#text"":""0""},{""@Name"":""CountOfCredentialsReturned"",""#text"":""1""},{""@Name"":""ReadOperation"",""#text"":""%%8100""},{""@Name"":""ReturnCode"",""#text"":""0""},{""@Name"":""ProcessCreationTime"",""#text"":""2025-05-02 08:51:23.7368016""},{""@Name"":""ClientProcessId"",""#text"":""4704""}]}}"
21446,89607,2025-05-02 08:51:49.0004965,5379,LogAlways,Microsoft-Windows-Security-Auditing,Security,688,752,Server002,208,,Credential Manager credentials were read,lplui,,SID: S-1-5-21-3962163828-2803415714-1403596700-1001,Domain: SERVER002,LogonID: 0x39737,CountOfCredentialsReturned: 1,,ActivityID: 1168e054-bb50-0000-2de1-681150bbdb01,MicrosoftAccount:user=lpluigi44@gmail.com,False,D:\benign_log_combined_latest_used_actually\new_benign\security_32761.evtx,Audit success,0,"{""EventData"":{""Data"":[{""@Name"":""SubjectUserSid"",""#text"":""S-1-5-21-3962163828-2803415714-1403596700-1001""},{""@Name"":""SubjectUserName"",""#text"":""lplui""},{""@Name"":""SubjectDomainName"",""#text"":""SERVER002""},{""@Name"":""SubjectLogonId"",""#text"":""0x39737""},{""@Name"":""TargetName"",""#text"":""MicrosoftAccount:user=lpluigi44@gmail.com""},{""@Name"":""Type"",""#text"":""0""},{""@Name"":""CountOfCredentialsReturned"",""#text"":""1""},{""@Name"":""ReadOperation"",""#text"":""%%8100""},{""@Name"":""ReturnCode"",""#text"":""0""},{""@Name"":""ProcessCreationTime"",""#text"":""2025-05-02 08:51:23.7368016""},{""@Name"":""ClientProcessId"",""#text"":""4704""}]}}"
21447,89608,2025-05-02 08:51:49.0006600,5379,LogAlways,Microsoft-Windows-Security-Auditing,Security,688,752,Server002,208,,Credential Manager credentials were read,lplui,,SID: S-1-5-21-3962163828-2803415714-1403596700-1001,Domain: SERVER002,LogonID: 0x39737,CountOfCredentialsReturned: 1,,ActivityID: 1168e054-bb50-0000-2de1-681150bbdb01,MicrosoftAccount:user=lpluigi44@gmail.com,False,D:\benign_log_combined_latest_used_actually\new_benign\security_32761.evtx,Audit success,0,"{""EventData"":{""Data"":[{""@Name"":""SubjectUserSid"",""#text"":""S-1-5-21-3962163828-2803415714-1403596700-1001""},{""@Name"":""SubjectUserName"",""#text"":""lplui""},{""@Name"":""SubjectDomainName"",""#text"":""SERVER002""},{""@Name"":""SubjectLogonId"",""#text"":""0x39737""},{""@Name"":""TargetName"",""#text"":""MicrosoftAccount:user=lpluigi44@gmail.com""},{""@Name"":""Type"",""#text"":""0""},{""@Name"":""CountOfCredentialsReturned"",""#text"":""1""},{""@Name"":""ReadOperation"",""#text"":""%%8100""},{""@Name"":""ReturnCode"",""#text"":""0""},{""@Name"":""ProcessCreationTime"",""#text"":""2025-05-02 08:51:23.7368016""},{""@Name"":""ClientProcessId"",""#text"":""4704""}]}}"
21448,89609,2025-05-02 08:51:49.0007763,5379,LogAlways,Microsoft-Windows-Security-Auditing,Security,688,752,Server002,208,,Credential Manager credentials were read,lplui,,SID: S-1-5-21-3962163828-2803415714-1403596700-1001,Domain: SERVER002,LogonID: 0x39737,CountOfCredentialsReturned: 1,,ActivityID: 1168e054-bb50-0000-2de1-681150bbdb01,MicrosoftAccount:user=lpluigi44@gmail.com,False,D:\benign_log_combined_latest_used_actually\new_benign\security_32761.evtx,Audit success,0,"{""EventData"":{""Data"":[{""@Name"":""SubjectUserSid"",""#text"":""S-1-5-21-3962163828-2803415714-1403596700-1001""},{""@Name"":""SubjectUserName"",""#text"":""lplui""},{""@Name"":""SubjectDomainName"",""#text"":""SERVER002""},{""@Name"":""SubjectLogonId"",""#text"":""0x39737""},{""@Name"":""TargetName"",""#text"":""MicrosoftAccount:user=lpluigi44@gmail.com""},{""@Name"":""Type"",""#text"":""0""},{""@Name"":""CountOfCredentialsReturned"",""#text"":""1""},{""@Name"":""ReadOperation"",""#text"":""%%8100""},{""@Name"":""ReturnCode"",""#text"":""0""},{""@Name"":""ProcessCreationTime"",""#text"":""2025-05-02 08:51:23.7368016""},{""@Name"":""ClientProcessId"",""#text"":""4704""}]}}"
21449,89610,2025-05-02 08:51:49.0011555,5379,LogAlways,Microsoft-Windows-Security-Auditing,Security,688,752,Server002,208,,Credential Manager credentials were read,lplui,,SID: S-1-5-21-3962163828-2803415714-1403596700-1001,Domain: SERVER002,LogonID: 0x39737,CountOfCredentialsReturned: 1,,ActivityID: 1168e054-bb50-0000-2de1-681150bbdb01,MicrosoftAccount:user=lpluigi44@gmail.com,False,D:\benign_log_combined_latest_used_actually\new_benign\security_32761.evtx,Audit success,0,"{""EventData"":{""Data"":[{""@Name"":""SubjectUserSid"",""#text"":""S-1-5-21-3962163828-2803415714-1403596700-1001""},{""@Name"":""SubjectUserName"",""#text"":""lplui""},{""@Name"":""SubjectDomainName"",""#text"":""SERVER002""},{""@Name"":""SubjectLogonId"",""#text"":""0x39737""},{""@Name"":""TargetName"",""#text"":""MicrosoftAccount:user=lpluigi44@gmail.com""},{""@Name"":""Type"",""#text"":""0""},{""@Name"":""CountOfCredentialsReturned"",""#text"":""1""},{""@Name"":""ReadOperation"",""#text"":""%%8100""},{""@Name"":""ReturnCode"",""#text"":""0""},{""@Name"":""ProcessCreationTime"",""#text"":""2025-05-02 08:51:23.7368016""},{""@Name"":""ClientProcessId"",""#text"":""4704""}]}}"
21450,89611,2025-05-02 08:51:49.0013280,5379,LogAlways,Microsoft-Windows-Security-Auditing,Security,688,752,Server002,208,,Credential Manager credentials were read,lplui,,SID: S-1-5-21-3962163828-2803415714-1403596700-1001,Domain: SERVER002,LogonID: 0x39737,CountOfCredentialsReturned: 1,,ActivityID: 1168e054-bb50-0000-2de1-681150bbdb01,MicrosoftAccount:user=lpluigi44@gmail.com,False,D:\benign_log_combined_latest_used_actually\new_benign\security_32761.evtx,Audit success,0,"{""EventData"":{""Data"":[{""@Name"":""SubjectUserSid"",""#text"":""S-1-5-21-3962163828-2803415714-1403596700-1001""},{""@Name"":""SubjectUserName"",""#text"":""lplui""},{""@Name"":""SubjectDomainName"",""#text"":""SERVER002""},{""@Name"":""SubjectLogonId"",""#text"":""0x39737""},{""@Name"":""TargetName"",""#text"":""MicrosoftAccount:user=lpluigi44@gmail.com""},{""@Name"":""Type"",""#text"":""0""},{""@Name"":""CountOfCredentialsReturned"",""#text"":""1""},{""@Name"":""ReadOperation"",""#text"":""%%8100""},{""@Name"":""ReturnCode"",""#text"":""0""},{""@Name"":""ProcessCreationTime"",""#text"":""2025-05-02 08:51:23.7368016""},{""@Name"":""ClientProcessId"",""#text"":""4704""}]}}"
21451,89612,2025-05-02 08:51:49.0017151,5379,LogAlways,Microsoft-Windows-Security-Auditing,Security,688,752,Server002,208,,Credential Manager credentials were read,lplui,,SID: S-1-5-21-3962163828-2803415714-1403596700-1001,Domain: SERVER002,LogonID: 0x39737,CountOfCredentialsReturned: 1,,ActivityID: 1168e054-bb50-0000-2de1-681150bbdb01,MicrosoftAccount:user=lpluigi44@gmail.com,False,D:\benign_log_combined_latest_used_actually\new_benign\security_32761.evtx,Audit success,0,"{""EventData"":{""Data"":[{""@Name"":""SubjectUserSid"",""#text"":""S-1-5-21-3962163828-2803415714-1403596700-1001""},{""@Name"":""SubjectUserName"",""#text"":""lplui""},{""@Name"":""SubjectDomainName"",""#text"":""SERVER002""},{""@Name"":""SubjectLogonId"",""#text"":""0x39737""},{""@Name"":""TargetName"",""#text"":""MicrosoftAccount:user=lpluigi44@gmail.com""},{""@Name"":""Type"",""#text"":""0""},{""@Name"":""CountOfCredentialsReturned"",""#text"":""1""},{""@Name"":""ReadOperation"",""#text"":""%%8100""},{""@Name"":""ReturnCode"",""#text"":""0""},{""@Name"":""ProcessCreationTime"",""#text"":""2025-05-02 08:51:23.7368016""},{""@Name"":""ClientProcessId"",""#text"":""4704""}]}}"
21452,89613,2025-05-02 08:51:49.0018815,5379,LogAlways,Microsoft-Windows-Security-Auditing,Security,688,752,Server002,208,,Credential Manager credentials were read,lplui,,SID: S-1-5-21-3962163828-2803415714-1403596700-1001,Domain: SERVER002,LogonID: 0x39737,CountOfCredentialsReturned: 1,,ActivityID: 1168e054-bb50-0000-2de1-681150bbdb01,MicrosoftAccount:user=lpluigi44@gmail.com,False,D:\benign_log_combined_latest_used_actually\new_benign\security_32761.evtx,Audit success,0,"{""EventData"":{""Data"":[{""@Name"":""SubjectUserSid"",""#text"":""S-1-5-21-3962163828-2803415714-1403596700-1001""},{""@Name"":""SubjectUserName"",""#text"":""lplui""},{""@Name"":""SubjectDomainName"",""#text"":""SERVER002""},{""@Name"":""SubjectLogonId"",""#text"":""0x39737""},{""@Name"":""TargetName"",""#text"":""MicrosoftAccount:user=lpluigi44@gmail.com""},{""@Name"":""Type"",""#text"":""0""},{""@Name"":""CountOfCredentialsReturned"",""#text"":""1""},{""@Name"":""ReadOperation"",""#text"":""%%8100""},{""@Name"":""ReturnCode"",""#text"":""0""},{""@Name"":""ProcessCreationTime"",""#text"":""2025-05-02 08:51:23.7368016""},{""@Name"":""ClientProcessId"",""#text"":""4704""}]}}"
21453,89614,2025-05-02 08:51:49.0023582,5379,LogAlways,Microsoft-Windows-Security-Auditing,Security,688,752,Server002,208,,Credential Manager credentials were read,lplui,,SID: S-1-5-21-3962163828-2803415714-1403596700-1001,Domain: SERVER002,LogonID: 0x39737,CountOfCredentialsReturned: 1,,ActivityID: 1168e054-bb50-0000-2de1-681150bbdb01,MicrosoftAccount:user=lpluigi44@gmail.com,False,D:\benign_log_combined_latest_used_actually\new_benign\security_32761.evtx,Audit success,0,"{""EventData"":{""Data"":[{""@Name"":""SubjectUserSid"",""#text"":""S-1-5-21-3962163828-2803415714-1403596700-1001""},{""@Name"":""SubjectUserName"",""#text"":""lplui""},{""@Name"":""SubjectDomainName"",""#text"":""SERVER002""},{""@Name"":""SubjectLogonId"",""#text"":""0x39737""},{""@Name"":""TargetName"",""#text"":""MicrosoftAccount:user=lpluigi44@gmail.com""},{""@Name"":""Type"",""#text"":""0""},{""@Name"":""CountOfCredentialsReturned"",""#text"":""1""},{""@Name"":""ReadOperation"",""#text"":""%%8100""},{""@Name"":""ReturnCode"",""#text"":""0""},{""@Name"":""ProcessCreationTime"",""#text"":""2025-05-02 08:51:23.7368016""},{""@Name"":""ClientProcessId"",""#text"":""4704""}]}}"
21454,89615,2025-05-02 08:51:49.0026776,5379,LogAlways,Microsoft-Windows-Security-Auditing,Security,688,752,Server002,208,,Credential Manager credentials were read,lplui,,SID: S-1-5-21-3962163828-2803415714-1403596700-1001,Domain: SERVER002,LogonID: 0x39737,CountOfCredentialsReturned: 1,,ActivityID: 1168e054-bb50-0000-2de1-681150bbdb01,MicrosoftAccount:user=lpluigi44@gmail.com,False,D:\benign_log_combined_latest_used_actually\new_benign\security_32761.evtx,Audit success,0,"{""EventData"":{""Data"":[{""@Name"":""SubjectUserSid"",""#text"":""S-1-5-21-3962163828-2803415714-1403596700-1001""},{""@Name"":""SubjectUserName"",""#text"":""lplui""},{""@Name"":""SubjectDomainName"",""#text"":""SERVER002""},{""@Name"":""SubjectLogonId"",""#text"":""0x39737""},{""@Name"":""TargetName"",""#text"":""MicrosoftAccount:user=lpluigi44@gmail.com""},{""@Name"":""Type"",""#text"":""0""},{""@Name"":""CountOfCredentialsReturned"",""#text"":""1""},{""@Name"":""ReadOperation"",""#text"":""%%8100""},{""@Name"":""ReturnCode"",""#text"":""0""},{""@Name"":""ProcessCreationTime"",""#text"":""2025-05-02 08:51:23.7368016""},{""@Name"":""ClientProcessId"",""#text"":""4704""}]}}"
21455,89616,2025-05-02 08:51:57.5160110,5379,LogAlways,Microsoft-Windows-Security-Auditing,Security,688,736,Server002,208,,Credential Manager credentials were read,lplui,,SID: S-1-5-21-3962163828-2803415714-1403596700-1001,Domain: SERVER002,LogonID: 0x39737,CountOfCredentialsReturned: 1,,ActivityID: 1168e054-bb50-0000-2de1-681150bbdb01,MicrosoftAccount:user=lpluigi44@gmail.com,False,D:\benign_log_combined_latest_used_actually\new_benign\security_32761.evtx,Audit success,0,"{""EventData"":{""Data"":[{""@Name"":""SubjectUserSid"",""#text"":""S-1-5-21-3962163828-2803415714-1403596700-1001""},{""@Name"":""SubjectUserName"",""#text"":""lplui""},{""@Name"":""SubjectDomainName"",""#text"":""SERVER002""},{""@Name"":""SubjectLogonId"",""#text"":""0x39737""},{""@Name"":""TargetName"",""#text"":""MicrosoftAccount:user=lpluigi44@gmail.com""},{""@Name"":""Type"",""#text"":""0""},{""@Name"":""CountOfCredentialsReturned"",""#text"":""1""},{""@Name"":""ReadOperation"",""#text"":""%%8100""},{""@Name"":""ReturnCode"",""#text"":""0""},{""@Name"":""ProcessCreationTime"",""#text"":""2025-05-02 08:51:23.7368016""},{""@Name"":""ClientProcessId"",""#text"":""4704""}]}}"
21456,89617,2025-05-02 08:51:57.5193023,5379,LogAlways,Microsoft-Windows-Security-Auditing,Security,688,736,Server002,208,,Credential Manager credentials were read,lplui,,SID: S-1-5-21-3962163828-2803415714-1403596700-1001,Domain: SERVER002,LogonID: 0x39737,CountOfCredentialsReturned: 1,,ActivityID: 1168e054-bb50-0000-2de1-681150bbdb01,MicrosoftAccount:user=lpluigi44@gmail.com,False,D:\benign_log_combined_latest_used_actually\new_benign\security_32761.evtx,Audit success,0,"{""EventData"":{""Data"":[{""@Name"":""SubjectUserSid"",""#text"":""S-1-5-21-3962163828-2803415714-1403596700-1001""},{""@Name"":""SubjectUserName"",""#text"":""lplui""},{""@Name"":""SubjectDomainName"",""#text"":""SERVER002""},{""@Name"":""SubjectLogonId"",""#text"":""0x39737""},{""@Name"":""TargetName"",""#text"":""MicrosoftAccount:user=lpluigi44@gmail.com""},{""@Name"":""Type"",""#text"":""0""},{""@Name"":""CountOfCredentialsReturned"",""#text"":""1""},{""@Name"":""ReadOperation"",""#text"":""%%8100""},{""@Name"":""ReturnCode"",""#text"":""0""},{""@Name"":""ProcessCreationTime"",""#text"":""2025-05-02 08:51:23.7368016""},{""@Name"":""ClientProcessId"",""#text"":""4704""}]}}"
21457,89618,2025-05-02 08:51:57.5206570,5379,LogAlways,Microsoft-Windows-Security-Auditing,Security,688,736,Server002,208,,Credential Manager credentials were read,lplui,,SID: S-1-5-21-3962163828-2803415714-1403596700-1001,Domain: SERVER002,LogonID: 0x39737,CountOfCredentialsReturned: 0,,ActivityID: 1168e054-bb50-0000-2de1-681150bbdb01,WindowsLive:(token):name=lpluigi44@gmail.com;serviceuri=*,False,D:\benign_log_combined_latest_used_actually\new_benign\security_32761.evtx,Audit success,0,"{""EventData"":{""Data"":[{""@Name"":""SubjectUserSid"",""#text"":""S-1-5-21-3962163828-2803415714-1403596700-1001""},{""@Name"":""SubjectUserName"",""#text"":""lplui""},{""@Name"":""SubjectDomainName"",""#text"":""SERVER002""},{""@Name"":""SubjectLogonId"",""#text"":""0x39737""},{""@Name"":""TargetName"",""#text"":""WindowsLive:(token):name=lpluigi44@gmail.com;serviceuri=*""},{""@Name"":""Type"",""#text"":""0""},{""@Name"":""CountOfCredentialsReturned"",""#text"":""0""},{""@Name"":""ReadOperation"",""#text"":""%%8100""},{""@Name"":""ReturnCode"",""#text"":""3221226021""},{""@Name"":""ProcessCreationTime"",""#text"":""2025-05-02 08:51:23.7368016""},{""@Name"":""ClientProcessId"",""#text"":""4704""}]}}"
21458,89619,2025-05-02 08:51:57.5207114,5379,LogAlways,Microsoft-Windows-Security-Auditing,Security,688,736,Server002,208,,Credential Manager credentials were read,lplui,,SID: S-1-5-21-3962163828-2803415714-1403596700-1001,Domain: SERVER002,LogonID: 0x39737,CountOfCredentialsReturned: 0,,ActivityID: 1168e054-bb50-0000-2de1-681150bbdb01,WindowsLive:(cert):name=lpluigi44@gmail.com;serviceuri=*,False,D:\benign_log_combined_latest_used_actually\new_benign\security_32761.evtx,Audit success,0,"{""EventData"":{""Data"":[{""@Name"":""SubjectUserSid"",""#text"":""S-1-5-21-3962163828-2803415714-1403596700-1001""},{""@Name"":""SubjectUserName"",""#text"":""lplui""},{""@Name"":""SubjectDomainName"",""#text"":""SERVER002""},{""@Name"":""SubjectLogonId"",""#text"":""0x39737""},{""@Name"":""TargetName"",""#text"":""WindowsLive:(cert):name=lpluigi44@gmail.com;serviceuri=*""},{""@Name"":""Type"",""#text"":""0""},{""@Name"":""CountOfCredentialsReturned"",""#text"":""0""},{""@Name"":""ReadOperation"",""#text"":""%%8100""},{""@Name"":""ReturnCode"",""#text"":""3221226021""},{""@Name"":""ProcessCreationTime"",""#text"":""2025-05-02 08:51:23.7368016""},{""@Name"":""ClientProcessId"",""#text"":""4704""}]}}"
21459,89620,2025-05-02 08:51:57.5210626,5379,LogAlways,Microsoft-Windows-Security-Auditing,Security,688,736,Server002,208,,Credential Manager credentials were read,lplui,,SID: S-1-5-21-3962163828-2803415714-1403596700-1001,Domain: SERVER002,LogonID: 0x39737,CountOfCredentialsReturned: 0,,ActivityID: 1168e054-bb50-0000-2de1-681150bbdb01,WindowsLive:(token):name=lpluigi44@gmail.com;serviceuri=*,False,D:\benign_log_combined_latest_used_actually\new_benign\security_32761.evtx,Audit success,0,"{""EventData"":{""Data"":[{""@Name"":""SubjectUserSid"",""#text"":""S-1-5-21-3962163828-2803415714-1403596700-1001""},{""@Name"":""SubjectUserName"",""#text"":""lplui""},{""@Name"":""SubjectDomainName"",""#text"":""SERVER002""},{""@Name"":""SubjectLogonId"",""#text"":""0x39737""},{""@Name"":""TargetName"",""#text"":""WindowsLive:(token):name=lpluigi44@gmail.com;serviceuri=*""},{""@Name"":""Type"",""#text"":""0""},{""@Name"":""CountOfCredentialsReturned"",""#text"":""0""},{""@Name"":""ReadOperation"",""#text"":""%%8100""},{""@Name"":""ReturnCode"",""#text"":""3221226021""},{""@Name"":""ProcessCreationTime"",""#text"":""2025-05-02 08:51:23.7368016""},{""@Name"":""ClientProcessId"",""#text"":""4704""}]}}"
21460,89621,2025-05-02 08:51:57.5211151,5379,LogAlways,Microsoft-Windows-Security-Auditing,Security,688,736,Server002,208,,Credential Manager credentials were read,lplui,,SID: S-1-5-21-3962163828-2803415714-1403596700-1001,Domain: SERVER002,LogonID: 0x39737,CountOfCredentialsReturned: 0,,ActivityID: 1168e054-bb50-0000-2de1-681150bbdb01,WindowsLive:(cert):name=lpluigi44@gmail.com;serviceuri=*,False,D:\benign_log_combined_latest_used_actually\new_benign\security_32761.evtx,Audit success,0,"{""EventData"":{""Data"":[{""@Name"":""SubjectUserSid"",""#text"":""S-1-5-21-3962163828-2803415714-1403596700-1001""},{""@Name"":""SubjectUserName"",""#text"":""lplui""},{""@Name"":""SubjectDomainName"",""#text"":""SERVER002""},{""@Name"":""SubjectLogonId"",""#text"":""0x39737""},{""@Name"":""TargetName"",""#text"":""WindowsLive:(cert):name=lpluigi44@gmail.com;serviceuri=*""},{""@Name"":""Type"",""#text"":""0""},{""@Name"":""CountOfCredentialsReturned"",""#text"":""0""},{""@Name"":""ReadOperation"",""#text"":""%%8100""},{""@Name"":""ReturnCode"",""#text"":""3221226021""},{""@Name"":""ProcessCreationTime"",""#text"":""2025-05-02 08:51:23.7368016""},{""@Name"":""ClientProcessId"",""#text"":""4704""}]}}"
21461,89622,2025-05-02 08:51:57.5334002,5379,LogAlways,Microsoft-Windows-Security-Auditing,Security,688,736,Server002,208,,Credential Manager credentials were read,lplui,,SID: S-1-5-21-3962163828-2803415714-1403596700-1001,Domain: SERVER002,LogonID: 0x39737,CountOfCredentialsReturned: 1,,ActivityID: 1168e054-bb50-0000-2de1-681150bbdb01,MicrosoftAccount:user=lpluigi44@gmail.com,False,D:\benign_log_combined_latest_used_actually\new_benign\security_32761.evtx,Audit success,0,"{""EventData"":{""Data"":[{""@Name"":""SubjectUserSid"",""#text"":""S-1-5-21-3962163828-2803415714-1403596700-1001""},{""@Name"":""SubjectUserName"",""#text"":""lplui""},{""@Name"":""SubjectDomainName"",""#text"":""SERVER002""},{""@Name"":""SubjectLogonId"",""#text"":""0x39737""},{""@Name"":""TargetName"",""#text"":""MicrosoftAccount:user=lpluigi44@gmail.com""},{""@Name"":""Type"",""#text"":""0""},{""@Name"":""CountOfCredentialsReturned"",""#text"":""1""},{""@Name"":""ReadOperation"",""#text"":""%%8100""},{""@Name"":""ReturnCode"",""#text"":""0""},{""@Name"":""ProcessCreationTime"",""#text"":""2025-05-02 08:51:23.7368016""},{""@Name"":""ClientProcessId"",""#text"":""4704""}]}}"
21462,89623,2025-05-02 08:51:57.5351193,5379,LogAlways,Microsoft-Windows-Security-Auditing,Security,688,736,Server002,208,,Credential Manager credentials were read,lplui,,SID: S-1-5-21-3962163828-2803415714-1403596700-1001,Domain: SERVER002,LogonID: 0x39737,CountOfCredentialsReturned: 1,,ActivityID: 1168e054-bb50-0000-2de1-681150bbdb01,MicrosoftAccount:user=lpluigi44@gmail.com,False,D:\benign_log_combined_latest_used_actually\new_benign\security_32761.evtx,Audit success,0,"{""EventData"":{""Data"":[{""@Name"":""SubjectUserSid"",""#text"":""S-1-5-21-3962163828-2803415714-1403596700-1001""},{""@Name"":""SubjectUserName"",""#text"":""lplui""},{""@Name"":""SubjectDomainName"",""#text"":""SERVER002""},{""@Name"":""SubjectLogonId"",""#text"":""0x39737""},{""@Name"":""TargetName"",""#text"":""MicrosoftAccount:user=lpluigi44@gmail.com""},{""@Name"":""Type"",""#text"":""0""},{""@Name"":""CountOfCredentialsReturned"",""#text"":""1""},{""@Name"":""ReadOperation"",""#text"":""%%8100""},{""@Name"":""ReturnCode"",""#text"":""0""},{""@Name"":""ProcessCreationTime"",""#text"":""2025-05-02 08:51:23.7368016""},{""@Name"":""ClientProcessId"",""#text"":""4704""}]}}"
21463,89624,2025-05-02 08:51:57.5372023,5379,LogAlways,Microsoft-Windows-Security-Auditing,Security,688,736,Server002,208,,Credential Manager credentials were read,lplui,,SID: S-1-5-21-3962163828-2803415714-1403596700-1001,Domain: SERVER002,LogonID: 0x39737,CountOfCredentialsReturned: 1,,ActivityID: 1168e054-bb50-0000-2de1-681150bbdb01,MicrosoftAccount:user=lpluigi44@gmail.com,False,D:\benign_log_combined_latest_used_actually\new_benign\security_32761.evtx,Audit success,0,"{""EventData"":{""Data"":[{""@Name"":""SubjectUserSid"",""#text"":""S-1-5-21-3962163828-2803415714-1403596700-1001""},{""@Name"":""SubjectUserName"",""#text"":""lplui""},{""@Name"":""SubjectDomainName"",""#text"":""SERVER002""},{""@Name"":""SubjectLogonId"",""#text"":""0x39737""},{""@Name"":""TargetName"",""#text"":""MicrosoftAccount:user=lpluigi44@gmail.com""},{""@Name"":""Type"",""#text"":""0""},{""@Name"":""CountOfCredentialsReturned"",""#text"":""1""},{""@Name"":""ReadOperation"",""#text"":""%%8100""},{""@Name"":""ReturnCode"",""#text"":""0""},{""@Name"":""ProcessCreationTime"",""#text"":""2025-05-02 08:51:23.7368016""},{""@Name"":""ClientProcessId"",""#text"":""4704""}]}}"
21464,89625,2025-05-02 08:51:57.5389773,5379,LogAlways,Microsoft-Windows-Security-Auditing,Security,688,736,Server002,208,,Credential Manager credentials were read,lplui,,SID: S-1-5-21-3962163828-2803415714-1403596700-1001,Domain: SERVER002,LogonID: 0x39737,CountOfCredentialsReturned: 1,,ActivityID: 1168e054-bb50-0000-2de1-681150bbdb01,MicrosoftAccount:user=lpluigi44@gmail.com,False,D:\benign_log_combined_latest_used_actually\new_benign\security_32761.evtx,Audit success,0,"{""EventData"":{""Data"":[{""@Name"":""SubjectUserSid"",""#text"":""S-1-5-21-3962163828-2803415714-1403596700-1001""},{""@Name"":""SubjectUserName"",""#text"":""lplui""},{""@Name"":""SubjectDomainName"",""#text"":""SERVER002""},{""@Name"":""SubjectLogonId"",""#text"":""0x39737""},{""@Name"":""TargetName"",""#text"":""MicrosoftAccount:user=lpluigi44@gmail.com""},{""@Name"":""Type"",""#text"":""0""},{""@Name"":""CountOfCredentialsReturned"",""#text"":""1""},{""@Name"":""ReadOperation"",""#text"":""%%8100""},{""@Name"":""ReturnCode"",""#text"":""0""},{""@Name"":""ProcessCreationTime"",""#text"":""2025-05-02 08:51:23.7368016""},{""@Name"":""ClientProcessId"",""#text"":""4704""}]}}"
21465,89626,2025-05-02 08:51:57.9443735,5379,LogAlways,Microsoft-Windows-Security-Auditing,Security,688,752,Server002,208,,Credential Manager credentials were read,lplui,,SID: S-1-5-21-3962163828-2803415714-1403596700-1001,Domain: SERVER002,LogonID: 0x39737,CountOfCredentialsReturned: 1,,ActivityID: 1168e054-bb50-0000-2de1-681150bbdb01,MicrosoftAccount:user=lpluigi44@gmail.com,False,D:\benign_log_combined_latest_used_actually\new_benign\security_32761.evtx,Audit success,0,"{""EventData"":{""Data"":[{""@Name"":""SubjectUserSid"",""#text"":""S-1-5-21-3962163828-2803415714-1403596700-1001""},{""@Name"":""SubjectUserName"",""#text"":""lplui""},{""@Name"":""SubjectDomainName"",""#text"":""SERVER002""},{""@Name"":""SubjectLogonId"",""#text"":""0x39737""},{""@Name"":""TargetName"",""#text"":""MicrosoftAccount:user=lpluigi44@gmail.com""},{""@Name"":""Type"",""#text"":""0""},{""@Name"":""CountOfCredentialsReturned"",""#text"":""1""},{""@Name"":""ReadOperation"",""#text"":""%%8100""},{""@Name"":""ReturnCode"",""#text"":""0""},{""@Name"":""ProcessCreationTime"",""#text"":""2025-05-02 08:51:23.7368016""},{""@Name"":""ClientProcessId"",""#text"":""4704""}]}}"
21466,89627,2025-05-02 08:51:57.9446314,5379,LogAlways,Microsoft-Windows-Security-Auditing,Security,688,752,Server002,208,,Credential Manager credentials were read,lplui,,SID: S-1-5-21-3962163828-2803415714-1403596700-1001,Domain: SERVER002,LogonID: 0x39737,CountOfCredentialsReturned: 1,,ActivityID: 1168e054-bb50-0000-2de1-681150bbdb01,MicrosoftAccount:user=lpluigi44@gmail.com,False,D:\benign_log_combined_latest_used_actually\new_benign\security_32761.evtx,Audit success,0,"{""EventData"":{""Data"":[{""@Name"":""SubjectUserSid"",""#text"":""S-1-5-21-3962163828-2803415714-1403596700-1001""},{""@Name"":""SubjectUserName"",""#text"":""lplui""},{""@Name"":""SubjectDomainName"",""#text"":""SERVER002""},{""@Name"":""SubjectLogonId"",""#text"":""0x39737""},{""@Name"":""TargetName"",""#text"":""MicrosoftAccount:user=lpluigi44@gmail.com""},{""@Name"":""Type"",""#text"":""0""},{""@Name"":""CountOfCredentialsReturned"",""#text"":""1""},{""@Name"":""ReadOperation"",""#text"":""%%8100""},{""@Name"":""ReturnCode"",""#text"":""0""},{""@Name"":""ProcessCreationTime"",""#text"":""2025-05-02 08:51:23.7368016""},{""@Name"":""ClientProcessId"",""#text"":""4704""}]}}"
21467,89628,2025-05-02 08:51:57.9448603,5379,LogAlways,Microsoft-Windows-Security-Auditing,Security,688,752,Server002,208,,Credential Manager credentials were read,lplui,,SID: S-1-5-21-3962163828-2803415714-1403596700-1001,Domain: SERVER002,LogonID: 0x39737,CountOfCredentialsReturned: 1,,ActivityID: 1168e054-bb50-0000-2de1-681150bbdb01,MicrosoftAccount:user=lpluigi44@gmail.com,False,D:\benign_log_combined_latest_used_actually\new_benign\security_32761.evtx,Audit success,0,"{""EventData"":{""Data"":[{""@Name"":""SubjectUserSid"",""#text"":""S-1-5-21-3962163828-2803415714-1403596700-1001""},{""@Name"":""SubjectUserName"",""#text"":""lplui""},{""@Name"":""SubjectDomainName"",""#text"":""SERVER002""},{""@Name"":""SubjectLogonId"",""#text"":""0x39737""},{""@Name"":""TargetName"",""#text"":""MicrosoftAccount:user=lpluigi44@gmail.com""},{""@Name"":""Type"",""#text"":""0""},{""@Name"":""CountOfCredentialsReturned"",""#text"":""1""},{""@Name"":""ReadOperation"",""#text"":""%%8100""},{""@Name"":""ReturnCode"",""#text"":""0""},{""@Name"":""ProcessCreationTime"",""#text"":""2025-05-02 08:51:23.7368016""},{""@Name"":""ClientProcessId"",""#text"":""4704""}]}}"
21468,89629,2025-05-02 08:51:57.9450158,5379,LogAlways,Microsoft-Windows-Security-Auditing,Security,688,752,Server002,208,,Credential Manager credentials were read,lplui,,SID: S-1-5-21-3962163828-2803415714-1403596700-1001,Domain: SERVER002,LogonID: 0x39737,CountOfCredentialsReturned: 1,,ActivityID: 1168e054-bb50-0000-2de1-681150bbdb01,MicrosoftAccount:user=lpluigi44@gmail.com,False,D:\benign_log_combined_latest_used_actually\new_benign\security_32761.evtx,Audit success,0,"{""EventData"":{""Data"":[{""@Name"":""SubjectUserSid"",""#text"":""S-1-5-21-3962163828-2803415714-1403596700-1001""},{""@Name"":""SubjectUserName"",""#text"":""lplui""},{""@Name"":""SubjectDomainName"",""#text"":""SERVER002""},{""@Name"":""SubjectLogonId"",""#text"":""0x39737""},{""@Name"":""TargetName"",""#text"":""MicrosoftAccount:user=lpluigi44@gmail.com""},{""@Name"":""Type"",""#text"":""0""},{""@Name"":""CountOfCredentialsReturned"",""#text"":""1""},{""@Name"":""ReadOperation"",""#text"":""%%8100""},{""@Name"":""ReturnCode"",""#text"":""0""},{""@Name"":""ProcessCreationTime"",""#text"":""2025-05-02 08:51:23.7368016""},{""@Name"":""ClientProcessId"",""#text"":""4704""}]}}"
21469,89630,2025-05-02 08:51:57.9452560,5379,LogAlways,Microsoft-Windows-Security-Auditing,Security,688,752,Server002,208,,Credential Manager credentials were read,lplui,,SID: S-1-5-21-3962163828-2803415714-1403596700-1001,Domain: SERVER002,LogonID: 0x39737,CountOfCredentialsReturned: 1,,ActivityID: 1168e054-bb50-0000-2de1-681150bbdb01,MicrosoftAccount:user=lpluigi44@gmail.com,False,D:\benign_log_combined_latest_used_actually\new_benign\security_32761.evtx,Audit success,0,"{""EventData"":{""Data"":[{""@Name"":""SubjectUserSid"",""#text"":""S-1-5-21-3962163828-2803415714-1403596700-1001""},{""@Name"":""SubjectUserName"",""#text"":""lplui""},{""@Name"":""SubjectDomainName"",""#text"":""SERVER002""},{""@Name"":""SubjectLogonId"",""#text"":""0x39737""},{""@Name"":""TargetName"",""#text"":""MicrosoftAccount:user=lpluigi44@gmail.com""},{""@Name"":""Type"",""#text"":""0""},{""@Name"":""CountOfCredentialsReturned"",""#text"":""1""},{""@Name"":""ReadOperation"",""#text"":""%%8100""},{""@Name"":""ReturnCode"",""#text"":""0""},{""@Name"":""ProcessCreationTime"",""#text"":""2025-05-02 08:51:23.7368016""},{""@Name"":""ClientProcessId"",""#text"":""4704""}]}}"
21470,89631,2025-05-02 08:51:57.9454105,5379,LogAlways,Microsoft-Windows-Security-Auditing,Security,688,752,Server002,208,,Credential Manager credentials were read,lplui,,SID: S-1-5-21-3962163828-2803415714-1403596700-1001,Domain: SERVER002,LogonID: 0x39737,CountOfCredentialsReturned: 1,,ActivityID: 1168e054-bb50-0000-2de1-681150bbdb01,MicrosoftAccount:user=lpluigi44@gmail.com,False,D:\benign_log_combined_latest_used_actually\new_benign\security_32761.evtx,Audit success,0,"{""EventData"":{""Data"":[{""@Name"":""SubjectUserSid"",""#text"":""S-1-5-21-3962163828-2803415714-1403596700-1001""},{""@Name"":""SubjectUserName"",""#text"":""lplui""},{""@Name"":""SubjectDomainName"",""#text"":""SERVER002""},{""@Name"":""SubjectLogonId"",""#text"":""0x39737""},{""@Name"":""TargetName"",""#text"":""MicrosoftAccount:user=lpluigi44@gmail.com""},{""@Name"":""Type"",""#text"":""0""},{""@Name"":""CountOfCredentialsReturned"",""#text"":""1""},{""@Name"":""ReadOperation"",""#text"":""%%8100""},{""@Name"":""ReturnCode"",""#text"":""0""},{""@Name"":""ProcessCreationTime"",""#text"":""2025-05-02 08:51:23.7368016""},{""@Name"":""ClientProcessId"",""#text"":""4704""}]}}"
21471,89632,2025-05-02 08:51:57.9456019,5379,LogAlways,Microsoft-Windows-Security-Auditing,Security,688,752,Server002,208,,Credential Manager credentials were read,lplui,,SID: S-1-5-21-3962163828-2803415714-1403596700-1001,Domain: SERVER002,LogonID: 0x39737,CountOfCredentialsReturned: 1,,ActivityID: 1168e054-bb50-0000-2de1-681150bbdb01,MicrosoftAccount:user=lpluigi44@gmail.com,False,D:\benign_log_combined_latest_used_actually\new_benign\security_32761.evtx,Audit success,0,"{""EventData"":{""Data"":[{""@Name"":""SubjectUserSid"",""#text"":""S-1-5-21-3962163828-2803415714-1403596700-1001""},{""@Name"":""SubjectUserName"",""#text"":""lplui""},{""@Name"":""SubjectDomainName"",""#text"":""SERVER002""},{""@Name"":""SubjectLogonId"",""#text"":""0x39737""},{""@Name"":""TargetName"",""#text"":""MicrosoftAccount:user=lpluigi44@gmail.com""},{""@Name"":""Type"",""#text"":""0""},{""@Name"":""CountOfCredentialsReturned"",""#text"":""1""},{""@Name"":""ReadOperation"",""#text"":""%%8100""},{""@Name"":""ReturnCode"",""#text"":""0""},{""@Name"":""ProcessCreationTime"",""#text"":""2025-05-02 08:51:23.7368016""},{""@Name"":""ClientProcessId"",""#text"":""4704""}]}}"
21472,89633,2025-05-02 08:51:57.9457475,5379,LogAlways,Microsoft-Windows-Security-Auditing,Security,688,752,Server002,208,,Credential Manager credentials were read,lplui,,SID: S-1-5-21-3962163828-2803415714-1403596700-1001,Domain: SERVER002,LogonID: 0x39737,CountOfCredentialsReturned: 1,,ActivityID: 1168e054-bb50-0000-2de1-681150bbdb01,MicrosoftAccount:user=lpluigi44@gmail.com,False,D:\benign_log_combined_latest_used_actually\new_benign\security_32761.evtx,Audit success,0,"{""EventData"":{""Data"":[{""@Name"":""SubjectUserSid"",""#text"":""S-1-5-21-3962163828-2803415714-1403596700-1001""},{""@Name"":""SubjectUserName"",""#text"":""lplui""},{""@Name"":""SubjectDomainName"",""#text"":""SERVER002""},{""@Name"":""SubjectLogonId"",""#text"":""0x39737""},{""@Name"":""TargetName"",""#text"":""MicrosoftAccount:user=lpluigi44@gmail.com""},{""@Name"":""Type"",""#text"":""0""},{""@Name"":""CountOfCredentialsReturned"",""#text"":""1""},{""@Name"":""ReadOperation"",""#text"":""%%8100""},{""@Name"":""ReturnCode"",""#text"":""0""},{""@Name"":""ProcessCreationTime"",""#text"":""2025-05-02 08:51:23.7368016""},{""@Name"":""ClientProcessId"",""#text"":""4704""}]}}"
21473,89634,2025-05-02 08:51:57.9459376,5379,LogAlways,Microsoft-Windows-Security-Auditing,Security,688,752,Server002,208,,Credential Manager credentials were read,lplui,,SID: S-1-5-21-3962163828-2803415714-1403596700-1001,Domain: SERVER002,LogonID: 0x39737,CountOfCredentialsReturned: 1,,ActivityID: 1168e054-bb50-0000-2de1-681150bbdb01,MicrosoftAccount:user=lpluigi44@gmail.com,False,D:\benign_log_combined_latest_used_actually\new_benign\security_32761.evtx,Audit success,0,"{""EventData"":{""Data"":[{""@Name"":""SubjectUserSid"",""#text"":""S-1-5-21-3962163828-2803415714-1403596700-1001""},{""@Name"":""SubjectUserName"",""#text"":""lplui""},{""@Name"":""SubjectDomainName"",""#text"":""SERVER002""},{""@Name"":""SubjectLogonId"",""#text"":""0x39737""},{""@Name"":""TargetName"",""#text"":""MicrosoftAccount:user=lpluigi44@gmail.com""},{""@Name"":""Type"",""#text"":""0""},{""@Name"":""CountOfCredentialsReturned"",""#text"":""1""},{""@Name"":""ReadOperation"",""#text"":""%%8100""},{""@Name"":""ReturnCode"",""#text"":""0""},{""@Name"":""ProcessCreationTime"",""#text"":""2025-05-02 08:51:23.7368016""},{""@Name"":""ClientProcessId"",""#text"":""4704""}]}}"
21474,89635,2025-05-02 08:51:57.9461049,5379,LogAlways,Microsoft-Windows-Security-Auditing,Security,688,752,Server002,208,,Credential Manager credentials were read,lplui,,SID: S-1-5-21-3962163828-2803415714-1403596700-1001,Domain: SERVER002,LogonID: 0x39737,CountOfCredentialsReturned: 1,,ActivityID: 1168e054-bb50-0000-2de1-681150bbdb01,MicrosoftAccount:user=lpluigi44@gmail.com,False,D:\benign_log_combined_latest_used_actually\new_benign\security_32761.evtx,Audit success,0,"{""EventData"":{""Data"":[{""@Name"":""SubjectUserSid"",""#text"":""S-1-5-21-3962163828-2803415714-1403596700-1001""},{""@Name"":""SubjectUserName"",""#text"":""lplui""},{""@Name"":""SubjectDomainName"",""#text"":""SERVER002""},{""@Name"":""SubjectLogonId"",""#text"":""0x39737""},{""@Name"":""TargetName"",""#text"":""MicrosoftAccount:user=lpluigi44@gmail.com""},{""@Name"":""Type"",""#text"":""0""},{""@Name"":""CountOfCredentialsReturned"",""#text"":""1""},{""@Name"":""ReadOperation"",""#text"":""%%8100""},{""@Name"":""ReturnCode"",""#text"":""0""},{""@Name"":""ProcessCreationTime"",""#text"":""2025-05-02 08:51:23.7368016""},{""@Name"":""ClientProcessId"",""#text"":""4704""}]}}"
21475,89636,2025-05-02 08:51:57.9462967,5379,LogAlways,Microsoft-Windows-Security-Auditing,Security,688,752,Server002,208,,Credential Manager credentials were read,lplui,,SID: S-1-5-21-3962163828-2803415714-1403596700-1001,Domain: SERVER002,LogonID: 0x39737,CountOfCredentialsReturned: 1,,ActivityID: 1168e054-bb50-0000-2de1-681150bbdb01,MicrosoftAccount:user=lpluigi44@gmail.com,False,D:\benign_log_combined_latest_used_actually\new_benign\security_32761.evtx,Audit success,0,"{""EventData"":{""Data"":[{""@Name"":""SubjectUserSid"",""#text"":""S-1-5-21-3962163828-2803415714-1403596700-1001""},{""@Name"":""SubjectUserName"",""#text"":""lplui""},{""@Name"":""SubjectDomainName"",""#text"":""SERVER002""},{""@Name"":""SubjectLogonId"",""#text"":""0x39737""},{""@Name"":""TargetName"",""#text"":""MicrosoftAccount:user=lpluigi44@gmail.com""},{""@Name"":""Type"",""#text"":""0""},{""@Name"":""CountOfCredentialsReturned"",""#text"":""1""},{""@Name"":""ReadOperation"",""#text"":""%%8100""},{""@Name"":""ReturnCode"",""#text"":""0""},{""@Name"":""ProcessCreationTime"",""#text"":""2025-05-02 08:51:23.7368016""},{""@Name"":""ClientProcessId"",""#text"":""4704""}]}}"
21476,89637,2025-05-02 08:51:57.9464427,5379,LogAlways,Microsoft-Windows-Security-Auditing,Security,688,752,Server002,208,,Credential Manager credentials were read,lplui,,SID: S-1-5-21-3962163828-2803415714-1403596700-1001,Domain: SERVER002,LogonID: 0x39737,CountOfCredentialsReturned: 1,,ActivityID: 1168e054-bb50-0000-2de1-681150bbdb01,MicrosoftAccount:user=lpluigi44@gmail.com,False,D:\benign_log_combined_latest_used_actually\new_benign\security_32761.evtx,Audit success,0,"{""EventData"":{""Data"":[{""@Name"":""SubjectUserSid"",""#text"":""S-1-5-21-3962163828-2803415714-1403596700-1001""},{""@Name"":""SubjectUserName"",""#text"":""lplui""},{""@Name"":""SubjectDomainName"",""#text"":""SERVER002""},{""@Name"":""SubjectLogonId"",""#text"":""0x39737""},{""@Name"":""TargetName"",""#text"":""MicrosoftAccount:user=lpluigi44@gmail.com""},{""@Name"":""Type"",""#text"":""0""},{""@Name"":""CountOfCredentialsReturned"",""#text"":""1""},{""@Name"":""ReadOperation"",""#text"":""%%8100""},{""@Name"":""ReturnCode"",""#text"":""0""},{""@Name"":""ProcessCreationTime"",""#text"":""2025-05-02 08:51:23.7368016""},{""@Name"":""ClientProcessId"",""#text"":""4704""}]}}"
21477,89638,2025-05-02 08:51:57.9466237,5379,LogAlways,Microsoft-Windows-Security-Auditing,Security,688,752,Server002,208,,Credential Manager credentials were read,lplui,,SID: S-1-5-21-3962163828-2803415714-1403596700-1001,Domain: SERVER002,LogonID: 0x39737,CountOfCredentialsReturned: 1,,ActivityID: 1168e054-bb50-0000-2de1-681150bbdb01,MicrosoftAccount:user=lpluigi44@gmail.com,False,D:\benign_log_combined_latest_used_actually\new_benign\security_32761.evtx,Audit success,0,"{""EventData"":{""Data"":[{""@Name"":""SubjectUserSid"",""#text"":""S-1-5-21-3962163828-2803415714-1403596700-1001""},{""@Name"":""SubjectUserName"",""#text"":""lplui""},{""@Name"":""SubjectDomainName"",""#text"":""SERVER002""},{""@Name"":""SubjectLogonId"",""#text"":""0x39737""},{""@Name"":""TargetName"",""#text"":""MicrosoftAccount:user=lpluigi44@gmail.com""},{""@Name"":""Type"",""#text"":""0""},{""@Name"":""CountOfCredentialsReturned"",""#text"":""1""},{""@Name"":""ReadOperation"",""#text"":""%%8100""},{""@Name"":""ReturnCode"",""#text"":""0""},{""@Name"":""ProcessCreationTime"",""#text"":""2025-05-02 08:51:23.7368016""},{""@Name"":""ClientProcessId"",""#text"":""4704""}]}}"
21478,89639,2025-05-02 08:51:57.9467729,5379,LogAlways,Microsoft-Windows-Security-Auditing,Security,688,752,Server002,208,,Credential Manager credentials were read,lplui,,SID: S-1-5-21-3962163828-2803415714-1403596700-1001,Domain: SERVER002,LogonID: 0x39737,CountOfCredentialsReturned: 1,,ActivityID: 1168e054-bb50-0000-2de1-681150bbdb01,MicrosoftAccount:user=lpluigi44@gmail.com,False,D:\benign_log_combined_latest_used_actually\new_benign\security_32761.evtx,Audit success,0,"{""EventData"":{""Data"":[{""@Name"":""SubjectUserSid"",""#text"":""S-1-5-21-3962163828-2803415714-1403596700-1001""},{""@Name"":""SubjectUserName"",""#text"":""lplui""},{""@Name"":""SubjectDomainName"",""#text"":""SERVER002""},{""@Name"":""SubjectLogonId"",""#text"":""0x39737""},{""@Name"":""TargetName"",""#text"":""MicrosoftAccount:user=lpluigi44@gmail.com""},{""@Name"":""Type"",""#text"":""0""},{""@Name"":""CountOfCredentialsReturned"",""#text"":""1""},{""@Name"":""ReadOperation"",""#text"":""%%8100""},{""@Name"":""ReturnCode"",""#text"":""0""},{""@Name"":""ProcessCreationTime"",""#text"":""2025-05-02 08:51:23.7368016""},{""@Name"":""ClientProcessId"",""#text"":""4704""}]}}"
21479,89640,2025-05-02 08:51:57.9469514,5379,LogAlways,Microsoft-Windows-Security-Auditing,Security,688,752,Server002,208,,Credential Manager credentials were read,lplui,,SID: S-1-5-21-3962163828-2803415714-1403596700-1001,Domain: SERVER002,LogonID: 0x39737,CountOfCredentialsReturned: 1,,ActivityID: 1168e054-bb50-0000-2de1-681150bbdb01,MicrosoftAccount:user=lpluigi44@gmail.com,False,D:\benign_log_combined_latest_used_actually\new_benign\security_32761.evtx,Audit success,0,"{""EventData"":{""Data"":[{""@Name"":""SubjectUserSid"",""#text"":""S-1-5-21-3962163828-2803415714-1403596700-1001""},{""@Name"":""SubjectUserName"",""#text"":""lplui""},{""@Name"":""SubjectDomainName"",""#text"":""SERVER002""},{""@Name"":""SubjectLogonId"",""#text"":""0x39737""},{""@Name"":""TargetName"",""#text"":""MicrosoftAccount:user=lpluigi44@gmail.com""},{""@Name"":""Type"",""#text"":""0""},{""@Name"":""CountOfCredentialsReturned"",""#text"":""1""},{""@Name"":""ReadOperation"",""#text"":""%%8100""},{""@Name"":""ReturnCode"",""#text"":""0""},{""@Name"":""ProcessCreationTime"",""#text"":""2025-05-02 08:51:23.7368016""},{""@Name"":""ClientProcessId"",""#text"":""4704""}]}}"
21480,89641,2025-05-02 08:51:57.9474136,5379,LogAlways,Microsoft-Windows-Security-Auditing,Security,688,752,Server002,208,,Credential Manager credentials were read,lplui,,SID: S-1-5-21-3962163828-2803415714-1403596700-1001,Domain: SERVER002,LogonID: 0x39737,CountOfCredentialsReturned: 1,,ActivityID: 1168e054-bb50-0000-2de1-681150bbdb01,MicrosoftAccount:user=lpluigi44@gmail.com,False,D:\benign_log_combined_latest_used_actually\new_benign\security_32761.evtx,Audit success,0,"{""EventData"":{""Data"":[{""@Name"":""SubjectUserSid"",""#text"":""S-1-5-21-3962163828-2803415714-1403596700-1001""},{""@Name"":""SubjectUserName"",""#text"":""lplui""},{""@Name"":""SubjectDomainName"",""#text"":""SERVER002""},{""@Name"":""SubjectLogonId"",""#text"":""0x39737""},{""@Name"":""TargetName"",""#text"":""MicrosoftAccount:user=lpluigi44@gmail.com""},{""@Name"":""Type"",""#text"":""1""},{""@Name"":""CountOfCredentialsReturned"",""#text"":""1""},{""@Name"":""ReadOperation"",""#text"":""%%8099""},{""@Name"":""ReturnCode"",""#text"":""0""},{""@Name"":""ProcessCreationTime"",""#text"":""2025-05-02 08:51:23.7368016""},{""@Name"":""ClientProcessId"",""#text"":""4704""}]}}"
21481,89642,2025-05-02 08:51:57.9582968,5379,LogAlways,Microsoft-Windows-Security-Auditing,Security,688,752,Server002,208,,Credential Manager credentials were read,lplui,,SID: S-1-5-21-3962163828-2803415714-1403596700-1001,Domain: SERVER002,LogonID: 0x39737,CountOfCredentialsReturned: 1,,ActivityID: 1168e054-bb50-0000-2de1-681150bbdb01,MicrosoftAccount:user=lpluigi44@gmail.com,False,D:\benign_log_combined_latest_used_actually\new_benign\security_32761.evtx,Audit success,0,"{""EventData"":{""Data"":[{""@Name"":""SubjectUserSid"",""#text"":""S-1-5-21-3962163828-2803415714-1403596700-1001""},{""@Name"":""SubjectUserName"",""#text"":""lplui""},{""@Name"":""SubjectDomainName"",""#text"":""SERVER002""},{""@Name"":""SubjectLogonId"",""#text"":""0x39737""},{""@Name"":""TargetName"",""#text"":""MicrosoftAccount:user=lpluigi44@gmail.com""},{""@Name"":""Type"",""#text"":""0""},{""@Name"":""CountOfCredentialsReturned"",""#text"":""1""},{""@Name"":""ReadOperation"",""#text"":""%%8100""},{""@Name"":""ReturnCode"",""#text"":""0""},{""@Name"":""ProcessCreationTime"",""#text"":""2025-05-02 08:51:23.7368016""},{""@Name"":""ClientProcessId"",""#text"":""4704""}]}}"
21482,89643,2025-05-02 08:51:57.9585069,5379,LogAlways,Microsoft-Windows-Security-Auditing,Security,688,752,Server002,208,,Credential Manager credentials were read,lplui,,SID: S-1-5-21-3962163828-2803415714-1403596700-1001,Domain: SERVER002,LogonID: 0x39737,CountOfCredentialsReturned: 1,,ActivityID: 1168e054-bb50-0000-2de1-681150bbdb01,MicrosoftAccount:user=lpluigi44@gmail.com,False,D:\benign_log_combined_latest_used_actually\new_benign\security_32761.evtx,Audit success,0,"{""EventData"":{""Data"":[{""@Name"":""SubjectUserSid"",""#text"":""S-1-5-21-3962163828-2803415714-1403596700-1001""},{""@Name"":""SubjectUserName"",""#text"":""lplui""},{""@Name"":""SubjectDomainName"",""#text"":""SERVER002""},{""@Name"":""SubjectLogonId"",""#text"":""0x39737""},{""@Name"":""TargetName"",""#text"":""MicrosoftAccount:user=lpluigi44@gmail.com""},{""@Name"":""Type"",""#text"":""0""},{""@Name"":""CountOfCredentialsReturned"",""#text"":""1""},{""@Name"":""ReadOperation"",""#text"":""%%8100""},{""@Name"":""ReturnCode"",""#text"":""0""},{""@Name"":""ProcessCreationTime"",""#text"":""2025-05-02 08:51:23.7368016""},{""@Name"":""ClientProcessId"",""#text"":""4704""}]}}"
21483,89644,2025-05-02 08:51:57.9586972,5379,LogAlways,Microsoft-Windows-Security-Auditing,Security,688,752,Server002,208,,Credential Manager credentials were read,lplui,,SID: S-1-5-21-3962163828-2803415714-1403596700-1001,Domain: SERVER002,LogonID: 0x39737,CountOfCredentialsReturned: 1,,ActivityID: 1168e054-bb50-0000-2de1-681150bbdb01,MicrosoftAccount:user=lpluigi44@gmail.com,False,D:\benign_log_combined_latest_used_actually\new_benign\security_32761.evtx,Audit success,520,"{""EventData"":{""Data"":[{""@Name"":""SubjectUserSid"",""#text"":""S-1-5-21-3962163828-2803415714-1403596700-1001""},{""@Name"":""SubjectUserName"",""#text"":""lplui""},{""@Name"":""SubjectDomainName"",""#text"":""SERVER002""},{""@Name"":""SubjectLogonId"",""#text"":""0x39737""},{""@Name"":""TargetName"",""#text"":""MicrosoftAccount:user=lpluigi44@gmail.com""},{""@Name"":""Type"",""#text"":""0""},{""@Name"":""CountOfCredentialsReturned"",""#text"":""1""},{""@Name"":""ReadOperation"",""#text"":""%%8100""},{""@Name"":""ReturnCode"",""#text"":""0""},{""@Name"":""ProcessCreationTime"",""#text"":""2025-05-02 08:51:23.7368016""},{""@Name"":""ClientProcessId"",""#text"":""4704""}]}}"
21484,89645,2025-05-02 08:51:57.9588787,5379,LogAlways,Microsoft-Windows-Security-Auditing,Security,688,752,Server002,208,,Credential Manager credentials were read,lplui,,SID: S-1-5-21-3962163828-2803415714-1403596700-1001,Domain: SERVER002,LogonID: 0x39737,CountOfCredentialsReturned: 1,,ActivityID: 1168e054-bb50-0000-2de1-681150bbdb01,MicrosoftAccount:user=lpluigi44@gmail.com,False,D:\benign_log_combined_latest_used_actually\new_benign\security_32761.evtx,Audit success,0,"{""EventData"":{""Data"":[{""@Name"":""SubjectUserSid"",""#text"":""S-1-5-21-3962163828-2803415714-1403596700-1001""},{""@Name"":""SubjectUserName"",""#text"":""lplui""},{""@Name"":""SubjectDomainName"",""#text"":""SERVER002""},{""@Name"":""SubjectLogonId"",""#text"":""0x39737""},{""@Name"":""TargetName"",""#text"":""MicrosoftAccount:user=lpluigi44@gmail.com""},{""@Name"":""Type"",""#text"":""0""},{""@Name"":""CountOfCredentialsReturned"",""#text"":""1""},{""@Name"":""ReadOperation"",""#text"":""%%8100""},{""@Name"":""ReturnCode"",""#text"":""0""},{""@Name"":""ProcessCreationTime"",""#text"":""2025-05-02 08:51:23.7368016""},{""@Name"":""ClientProcessId"",""#text"":""4704""}]}}"
